Nome;Versão;Tipo;Energia;Descrição;Texto Final;Observação;Arte;Prompt Arte;Raridade
Poço do Silêncio Inicial;v1;Avançada-Magia;2;Devoção (Magia) - Ao entrar em jogo, dê X tokens de Sobrevida ao personagem principal, onde X é a quantidade de Personagens do Tipo Magia em jogo.;O primeiro silêncio já sabia o que viria depois.;Efeito alterado de Prever (X) para Sobrevida (X), mantendo a mesma escala (Personagens do Tipo Magia em jogo). Cobre agora a palavra-chave de assinatura Cura/Sobrevida modesta, lacuna que nenhuma das 3 Fontes Avançadas de Silenteia cobria antes desta mudança. Clarividência/Prever fica sem Fonte Avançada dedicada em Silenteia, mas segue coberta por Itens do tipo (ex. Cajado do Vento Parado).;fonte-poco-do-silencio-inicial-v1.png;"Poço circular de água absolutamente parada, cravado no centro de uma vasta cratera de areia compactada em Silenteia, cercado por um anel de pedras lisas gastas por gerações de monges sentados em meditação; ao fundo, formações rochosas esguias e impossivelmente altas se afilam contra o horizonte, como agulhas erodidas pelo vento, e um único templo de areia endurecida se ergue entre elas como se tivesse crescido ali; a lua cheia, desproporcionalmente grande e próxima, se reflete na água sem a menor ondulação, como se o próprio silêncio tivesse peso e formato; grãos de areia suspensos no ar parecem congelados em pleno voo, tocados por uma brisa que não se ouve; paleta fria de azuis-acinzentados profundos, prata lunar e areia pálida quase branca; linha de arte no estilo de Moebius — traço fino e preciso, silhuetas monumentais e vazias contra um céu vasto, geometria onírica e contemplativa, escala humana minúscula diante da paisagem; sensação de reverência ascética e renovação silenciosa; nenhuma figura humana em cena, apenas vestígios de presença — pegadas antigas já quase apagadas ao redor do poço. Proporção 1:1";Rara
Círculo dos Mil Passos;v1;Avançada-Magia;2;Devoção (Magia) - Ao entrar em jogo, coloque um token de DefDown sobre o personagem alvo.;Mil voltas ao mesmo círculo bastam para conhecer cada fraqueza de quem o pisa.;"Cobre a palavra-chave de assinatura Ponto Fraco (debuff de Defesa). Efeito determinístico (sem Aposte), coerente com a raridade de Aposte reservada a poucas cartas por tipo. Energia 2 e efeito modesto/pontual mantêm a Fonte alinhada ao patamar ""suporte/controle barato"" do tipo Magia, sem competir com os Itens Lendários de debuff mais fortes (ex. Grilhão de Areia).";fonte-circulo-dos-mil-passos-v1.png;"Vista aérea imponente de um imenso círculo espiralado gravado nas dunas de Silenteia, formado por incontáveis anéis concêntricos de pegadas sobrepostas por gerações de monges que caminharam ali sem parar, alguns sulcos tão profundos que já viraram pequenas trincheiras na areia; o padrão espiralado converge para um ponto central vazio, perfeitamente limpo, onde nenhum pé jamais pisou; ao longe, no horizonte curvo do deserto, silhuetas de rochas afiladas e improváveis pontuam a paisagem como esculturas naturais; luz rasante de fim de tarde alonga cada sombra ao longo dos sulcos, criando um relevo dramático que revela a textura entrelaçada dos passos; tons dourados intensos, marrom-avermelhado desbotado e areia clara ressecada pelo sol; grão de areia visível em close, poeira fina levantada por um vento constante nas bordas do círculo; linha de arte no estilo de Moebius — composição minimalista vista do alto, traço limpo e onírico, sensação de repetição hipnótica, disciplina ascética e tempo geológico acumulado; nenhuma figura humana em cena, apenas o rastro coletivo de todas que já passaram por ali. Proporção 1:1";Incomum
Sombra do Vazio Solar;v1;Avançada-Magia;1;Devoção (Magia) - Ao entrar em jogo, extinga uma Fonte de Energia do oponente.;Nem a luz mais viva escapa ao vazio quando Silenteia decide apagá-la.;Cobre a palavra-chave de assinatura Triturar/Extinguir Fonte (controle de recursos). Efeito determinístico (sem Aposte). Energia 2, alinhado às outras 2 Fontes Avançadas do tipo. Com esta carta e a mudança do Poço do Silêncio Inicial para Sobrevida, as 3 Fontes Avançadas de Silenteia cobrem: Cura/Sobrevida (Poço), Ponto Fraco/debuff de Defesa (Círculo) e Triturar/Extinguir Fonte (Sombra) — Clarividência/Prever fica sem Fonte dedicada, coberta por Itens do tipo.;fonte-sombra-do-vazio-solar-v1.png;"Eclipse solar total visto do topo da maior duna de Silenteia, um disco negro perfeito devorando a luz do sol enquanto uma fina auréola dourada pulsa nas bordas como a última respiração da luz; o céu ao redor escurece em gradiente, do azul-crepuscular ao roxo profundo, com as primeiras estrelas já visíveis mesmo em pleno dia; a sombra da lua avança sobre o deserto como uma maré escura, engolindo dunas e formações rochosas esguias em sequência; silhueta de um templo de areia compactada em primeiro plano, já metade tragado pela escuridão, seus contornos se dissolvendo na penumbra; grãos de areia soltos no ar parecem absorver a pouca luz restante; paleta de pretos profundos, roxo-acinzentado e um fino halo dourado ofuscante; linha de arte no estilo de Moebius — traço preciso, silhuetas monumentais, composição onírica de escala vasta e contemplativa; atmosfera de vazio absoluto, apagamento silencioso e escala cósmica dentro de um cenário desértico; nenhuma figura humana em cena, apenas o deserto inteiro contendo a respiração. Proporção 1:1";Rara
Fossa dos Sábios Caídos;v1;Avançada-TecSci;1;Devoção (TecSci) - Ao entrar em jogo, Reaproveitar Recurso (1).;Nos escombros da corte arcana, nada se perde - tudo espera ser reerguido.;Cobre a palavra-chave de assinatura Reaproveitar. Efeito determinístico, sem custo extra além da própria Fonte (mais barato que o Ferro de Solda Improvisado, que cobra energia adicional) - diferenciação por ser Fonte, não Item, e por não poder ser usada mais de uma vez por turno como aquele.;fonte-fossa-dos-sabios-caidos-v1.png;"Cratera profunda e vertiginosamente vertical na Detritônia, camadas geológicas de destroços de uma antiga corte arcana empilhadas em espiral descendente, como um poço arquitetônico barroco e impossível - tronos partidos ao meio, pergaminhos carbonizados ainda com runas visíveis nas bordas, engrenagens douradas emperradas do tamanho de catedrais, cristais de contrato rachados pulsando um brilho residual intermitente; teias de cabos e metal retorcido conectam os níveis da cratera como tendões expostos de uma máquina morta; luz difusa penetra por fendas irregulares na rocha muito acima, formando feixes verticais carregados de poeira dourada em suspensão; paleta de marrom-ferrugem profundo, dourado opaco desbotado e um verde-azulado elétrico vazando das rachaduras dos cristais, como se o próprio pacto arcano ainda respirasse; linha de arte que cruza o traço denso e vertical de Druillet com o design tecno-orgânico e monumental do Quarto Mundo de Kirby - formas geométricas exageradas, quase totêmicas, e a gambiarra intrincada de peças remendadas típica de Gramps; atmosfera de ruína arqueológica densa e estratificada, riqueza de detalhes de um reino que caiu sobre o próprio peso; nenhuma figura humana em cena, apenas os vestígios empilhados de uma opulência extinta. Proporção 1:1";Incomum
Cratera da Sucata Viva;v1;Lendária Avançada-TecSci;2;Devoção (TecSci) - Ao entrar em jogo, coloque um token de AtkUp no personagem que este card for anexado para cada carta de Item na sua pilha de decarte.;Quanto mais se descarta, mais forte fica quem sabe reaproveitar.;Cobre a palavra-chave de assinatura de buff condicionado à quantidade de Itens/Fontes em descarte, reforçando a mesma lógica da Serra Circular Remendada (Item) mas em escala de Atk permanente em vez de dano pontual. Efeito determinístico.;fonte-cratera-da-sucata-viva-v1.png;"Cratera industrial vasta e irregular na Detritônia, transbordando de montanhas de sucata compactada em camadas caóticas que se empilham quase até formar uma torre orgânica - placas metálicas amassadas de diferentes eras do reino, fios expostos entrelaçados como raízes sintéticas, engrenagens enferrujadas do tamanho de rodas de carroça, cascos quebrados de máquinas antigas meio enterrados, tudo remendado em ângulos improváveis que lembram gambiarra elevada a monumento; fagulhas elétricas saltam espontaneamente entre os destroços em arcos irregulares, como se o próprio monte de lixo tivesse um pulso; fumaça fina e esverdeada sobe entre as pilhas em volutas lentas, iluminada por baixo por um brilho residual pulsante vindo do fundo da cratera; superfícies molhadas de orvalho refletem as fagulhas como pequenas constelações artificiais; paleta de cinza-metálico opaco, laranja-fagulha intenso e verde tóxico luminescente; linha de arte que mistura a verticalidade densa de Druillet, a energia tecno-mítica do Quarto Mundo de Kirby e a estética remendada e caótica de Gramps; textura áspera, densa e industrial, sensação de energia latente e quase orgânica brotando do descarte acumulado; nenhuma figura humana em cena, só o amontoado que parece respirar sozinho. Proporção 1:1";Super-rara
Trono Enferrujado;v1;Avançada-TecSci;2;Devoção (TecSci) - Ao entrar em jogo, Extinguir Fonte (1) de um personagem que você não controla.;O trono caiu, mas ainda sabe como derrubar outros impérios.;"Cobre a palavra-chave de assinatura Triturar/Extinguir Fonte, espelhando a Sombra do Vazio Solar (Silenteia) mas do lado da Detritônia - coerente com o tipo TecSci também usar essa palavra-chave herdada de rules.md. Com esta carta, Fossa/Cratera/Trono cobrem as 3 palavras-chave de assinatura mais centrais da Detritônia (Reaproveitar, buff por descarte, Triturar/Extinguir Fonte); custo variável pago com descarte fica sem Fonte dedicada, coberto pelos Itens (Chave de Fenda Torta, Rede de Cabos Emendados).";fonte-trono-enferrujado-v1.png;"Um trono monárquico imenso e imponente, entalhado outrora com símbolos de uma corte arcana rica, agora completamente tomado pela ferrugem em camadas alaranjadas e por rachaduras luminosas que atravessam o metal como veias vivas de energia contida; correntes de contrato quebradas pendem dos braços do trono, balançando levemente; posicionado sozinho no topo de uma pilha instável e verticalíssima de escombros do palácio caído - colunas partidas, brasões arcanos derretidos, cacos de vitral, tudo empilhado como uma torre gótico-industrial - contra um céu cinzento e denso de tempestade, relâmpagos distantes silhuetando as nuvens; um fino vapor arcano escapa das rachaduras do trono, subindo em espirais lentas; paleta de marrom-ferrugem intenso, dourado desbotado quase cinza e um brilho arcano azul-esverdeado pulsante vazando de cada fenda; linha de arte que combina a monumentalidade vertical de Druillet, o design tecno-mítico do Quarto Mundo de Kirby e o acabamento remendado e sucateado de Gramps; composição centralizada e monumental, sensação de poder decadente que ainda pulsa perigo sob a ruína; nenhuma figura humana em cena, o trono vazio já é ameaça suficiente. Proporção 1:1";Rara
Praça Comum;v1;Avançada-Físico;2;Devoção (Físico) - Ao entrar em jogo, coloque sobre o personagem que este card for anexado, 2 tokens de AtkUp e 2 tokens de LifeUp.;Toda praça de Solar Comum já viu nascer um campeão.;Cobre a palavra-chave de assinatura de alteração direta e de alto valor em Atk/Vida, sem condicionais - efeito determinístico e imediato, coerente com a agressão crua do tipo Físico.;fonte-praca-comum-v1.png;"Praça pública ampla de Solar Comum, piso de pedra clara e madeira tratada em linhas simples e funcionais, com bancos de concreto polido e um chafariz modesto de design limpo ao centro; cercada por dezenas de bandeirinhas de tecido de nações distintas tremulando lado a lado em total igualdade, nenhuma mais alta ou mais central que as outras; arquibancadas de treino ao ar livre com barras de madeira clara e cordas, marcas de giz ainda frescas no chão de disputas recentes; luz de sol nórdico baixo e rasante, clara e fria mas generosa, projetando sombras longas e nítidas sobre a pedra; prédios de arquitetura sóbria e funcional ao fundo, fachadas de madeira e vidro sem ornamentação excessiva, cada um sutilmente distinto em estilo regional; paleta realista de cinza-claro, madeira natural, branco luminoso e os tons vivos e variados das bandeiras; linha de arte fotorrealista e naturalista, luz nórdica limpa, sensação de um mundo comum e digno em vez de fantástico; atmosfera de abundância coletiva e piso de dignidade compartilhado; nenhuma figura humana em cena, mas o espaço parece pulsar com a energia de multidões que acabaram de sair. Proporção 1:1";Rara
Vale da Têmpera;v1;Avançada-Físico;1;Devoção (Físico) - Ao entrar em jogo, a próxima ação de combate do personagem que este card for anexado, ganha Ignorar Defesa e Trespassar.;No Vale, todo golpe é temperado para atravessar o que for preciso.;Cobre a palavra-chave de assinatura Ataque Perfurante/Transpassar (variante de metade de Defesa, mesma escala usada na Lança da Aurora Comum, Item Temático de Solar Comum). Efeito determinístico.;fonte-vale-da-tempera-v1.png;"Vale estreito e verde entre penhascos de rocha escura cobertos de musgo, típico de uma paisagem fiorde nórdica, com uma forja a céu aberto de construção simples e robusta em atividade; lâminas e lanças de aço fosco fincadas na rocha, esfriando em poças de água glacial que soltam vapor fino sob o ar frio; brasas incandescentes da forja iluminam a cena em tons quentes contra a pedra escura e úmida, contrastando com a luz azulada e difusa do céu nórdico ao fundo; uma cachoeira estreita despenca ao longe entre as paredes do vale, alimentando o riacho que passa perto da forja; paleta realista de laranja-brasa, cinza-pedra molhada, verde-musgo escuro e vapor branco-azulado; linha de arte fotorrealista e naturalista, luz fria e clara típica do norte, texturas ásperas de pedra e metal batido; sensação de forja constante, disciplina física e um mundo comum elevado ao extremo; nenhuma figura humana em cena. Proporção 1:1";Rara
Arena do Recorde Eterno;v1;Avançada-Físico;1;Devoção (Físico) - Ao entrar em jogo, coloque um token de AtkUp no personagemque este card for anexado.;Cada vitória na Arena vira lenda - e a lenda nunca se apaga.;"Cobre a palavra-chave de assinatura de ganhos de Atk crescentes por combate consecutivo, espelhando a Coroa de Louros (Item Lendário de Solar Comum) mas como Fonte de Energia. Com Praça Comum, Vale da Têmpera e Arena do Recorde Eterno, as 3 Fontes Avançadas de Solar Comum cobrem 3 das 4 palavras-chave de assinatura do tipo (alteração direta, Transpassar, Atk crescente); baixa dependência de suporte é uma característica estrutural do tipo, não um efeito de carta isolada.";fonte-arena-do-recorde-eterno-v1.png;"Arena circular de concreto claro e madeira laminada, arquitetura funcional e monumental ao mesmo tempo, sem excesso decorativo; arquibancadas amplas e vazias, cada setor marcado por bandeirinhas simples de nações distintas de Solar Comum penduradas em total igualdade ao redor de todo o perímetro; holofotes de haste fina iluminam o centro vazio da pista de corrida marcada com raias brancas nítidas, como se aguardasse o próximo recorde; placares eletrônicos discretos e postes de madeira clara emolduram a estrutura; céu nórdico aberto e claro acima, sem cobertura, luz de fim de tarde dourada mas fria; pequenas placas comemorativas gravadas na pedra da base, gastas pelo tempo mas legíveis; paleta realista de dourado solene, cinza-concreto claro, madeira natural e azul-céu pálido; linha de arte fotorrealista e naturalista, composição grandiosa mas sóbria, sensação de legado atlético coletivo acumulado ao longo de gerações; nenhuma figura humana em cena. Proporção 1:1";Incomum
Jardim do Véu das Plumas;v1;Avançada-Divino;2;Devoção (Divino) - Ao entrar em jogo, coloque 2 tokens de Sobrevida em cada um dos personagens que você controla.;Sob o véu do Jardim, nenhuma queda é definitiva.;"Única Fonte Avançada do Destacamento Interregno (cota de 1 por tipo da dupla de topo) - cobre a palavra-chave de assinatura mais central de Divino, Sobrevida/negação de morte, em escala de time. Energia 3 (mais alta que as Fontes do triângulo) e efeito de grande alcance são coerentes com o ""topo de curva"" da dupla de topo. Efeito determinístico (sem Aposte), já que Aposte é reservado a poucas cartas de personagem do tipo.";fonte-jardim-do-veu-das-plumas-v1.png;"Jardim suspenso sobre um mar denso de nuvens e névoa translúcida, o Interregno visto como um plano intermediário entre o que o multiverso era e o que ainda será; terraços de pedra clara e pontes de corda meio abandonadas sugerem que o destacamento se instalou ali por acomodação, não por projeto - musgo leve cresce entre as pedras, plantas etéreas de folhas quase transparentes brotam sem jardineiro; incontáveis penas brancas e douradas flutuam suavemente no ar como um véu semitransparente, algumas se acumulando em cantos como folhas caídas, prova de asas que envelheceram ali; ao fundo, silhuetas discretas de estruturas simples - um banco de pedra, um posto de vigília vazio - denunciam gerações de presença contemplativa e inerte; luz suave, difusa e sem sombra definida, vinda de nenhum ponto específico do céu; paleta de branco-perolado, dourado suave envelhecido e azul-claro etéreo; linha de arte inspirada na Estação das Brumas - atmosfera melancólica e serena de anjos que ficaram, beleza desgastada pelo tempo suspenso, mistério contemplativo em vez de glória triunfante; nenhuma figura humana em cena, apenas o peso silencioso de quem nunca foi embora. Proporção 1:1";Rara
Vórtice da Tempestade;v1;Avançada-Cósmico;2;Devoção (Cósmico) - Ao entrar em jogo, o personagem que este card for anexado, causa dano a um alvo à escolha igual ao número de fontes de energia anexadas a ele.;No olho da tempestade, cada fagulha acumulada vira fúria desmedida.;"Única Fonte Avançada da Astraca Primordial (cota de 1 por tipo da dupla de topo) - cobre a palavra-chave de assinatura mais central de Cósmico, ataque expansível por energia anexada, herdada de rules.md. Energia 3 e efeito de dano direto são coerentes com o ""topo de curva"" e o perfil de ""finalizador, pouca sutileza"" da Astraca. Efeito determinístico (sem Aposte).";fonte-vortice-da-tempestade-v1.png;"Vórtice cósmico gigantesco e titânico no vácuo do espaço, um redemoinho de energia estelar azul-violeta cravejado de pontilhado granular de plasma crepitante, no estilo do 'Kirby Krackle', com fragmentos de rocha, destroços de sistemas estelares inteiros e faíscas de energia bruta orbitando o olho escuro e absoluto no centro; formas geométricas sólidas e exageradas - cristais angulares, anéis concêntricos de energia sólida - flutuam entre os braços do vórtice como tecnologia ancestral e viva; nebulosas distantes em tons contrastantes pontuam o fundo, rachaduras de luz pura cortam a escuridão ao redor como fissuras na própria realidade; paleta vibrante de roxo profundo, azul-elétrico, magenta cósmico e branco-plasma ofuscante; linha de arte no estilo do Quarto Mundo de Kirby - formas titânicas, contraste extremo, energia visualizada como textura granular pulsante, escala verdadeiramente cósmica e mítica; composição turbulenta e ameaçadora, sensação de poder ancestral desperto à força; nenhuma figura humana em cena. Proporção 1:1";Rara
Grão de Areia Eterna;v1;Básica-Magia;1;;Um grão que já viu mais tempo passar do que qualquer monge vivo.;;fonte-grao-de-areia-eterna-v1.png;"Um único grão de areia dourado suspenso em primeiro plano, extremamente ampliado, quase translúcido contra a luz, pousado sobre a palma aberta de uma mão idosa e enrugada; ao fundo, fora de foco, o deserto infinito de Silenteia sob um céu crepuscular; leve brilho interno no grão, como se guardasse luz própria; linha de arte no estilo de Moebius — traço fino e preciso, composição minimalista e contemplativa, sensação de eternidade contida em algo minúsculo. Proporção 1:1";Comum
Sopro do Deserto;v1;Básica-Magia;1;;O vento de Silenteia carrega memórias que ninguém mais lembra de ter vivido.;;fonte-sopro-do-deserto-v1.png;"Rajada visível de vento representada por finas linhas douradas curvas atravessando uma duna vazia, levantando uma cortina leve de areia fina em espiral; nenhuma figura em cena, apenas o movimento do ar tornado visível; céu claro de entardecer em tons pastel; linha de arte no estilo de Moebius — traço fino e preciso, composição fluida e onírica, sensação de movimento silencioso e constante. Proporção 1:1";Comum
Passo Silencioso;v1;Básica-Magia;1;;Cada pegada em Silenteia se apaga antes da próxima ser dada.;;fonte-passo-silencioso-v1.png;"Sequência de pegadas descalças na areia fina, a mais recente ainda nítida e as anteriores gradualmente se dissolvendo em pó dourado suspenso no ar; luz rasante de fim de tarde alongando cada marca; nenhuma figura visível, apenas o rastro; linha de arte no estilo de Moebius — traço fino e preciso, composição minimalista, sensação de passagem efêmera e deliberadamente discreta. Proporção 1:1";Comum
Ossos do Vento;v1;Básica-Magia;1;;Dizem que os ventos mais antigos de Silenteia já foram corpo antes de serem sopro.;;fonte-ossos-do-vento-v1.png;"Fragmentos ósseos finos e polidos pelo tempo, meio enterrados na areia de uma duna, formando um padrão quase esquelético que o vento expõe lentamente; poeira dourada sendo levantada ao redor pelas rajadas; céu de entardecer em tons roxo-acinzentados; linha de arte no estilo de Moebius — traço fino e preciso, composição austera e contemplativa, sensação de história antiga sussurrada pelo vento. Proporção 1:1";Comum
Última Miragem;v1;Básica-Magia;1;;Toda miragem em Silenteia é a última até que outra apareça no horizonte.;;fonte-ultima-miragem-v1.png;"Miragem tênue e tremeluzente no horizonte do deserto, sugerindo vagamente a silhueta de um templo ou oásis que se dissolve na distorção do calor; dunas em primeiro plano nítidas contrastando com o horizonte incerto; céu dourado ofuscante de meio-dia; linha de arte no estilo de Moebius — traço fino e preciso, composição de contraste entre nitidez e ilusão, sensação de vastidão enganosa e onírica. Proporção 1:1";Comum
Parafuso Solto;v1;Básica-TecSci;1;;Um parafuso solto ainda é uma peça — na Detritônia, nada se descarta sem antes ser considerado.;;fonte-parafuso-solto-v1.png;"Um único parafuso enferrujado e torto, ampliado em primeiro plano, pousado sobre uma placa metálica amassada cheia de arranhões; pequenas fagulhas residuais saltando ao fundo desfocado, sugerindo uma oficina próxima; paleta de cinza-metálico e laranja-ferrugem; linha de arte que mistura a densidade de Druillet, o tecno-misticismo de Kirby e o acabamento remendado de Grampá; composição minimalista e industrial, sensação de valor escondido no descartado. Proporção 1:1";Comum
Fragmento de Circuito;v1;Básica-TecSci;1;;Cada circuito partido na Detritônia ainda carrega um resquício de corrente por onde passar.;;fonte-fragmento-de-circuito-v1.png;"Fragmento de placa de circuito antiga, trilhas douradas parcialmente queimadas e uma leve luz residual verde-azulada pulsando fracamente em um ponto ainda ativo; pousado sobre uma superfície de metal amassado; fumaça fina subindo ao fundo desfocado; paleta de verde-tóxico luminescente e cinza-metálico opaco; linha de arte que combina a verticalidade de Druillet, o design tecno-mítico de Kirby e o acabamento sucateado de Grampá; composição íntima e detalhada, sensação de energia residual latente. Proporção 1:1";Comum
Resto de Coroa;v1;Básica-TecSci;1;;Nem um caco de coroa é jogado fora na Detritônia — tudo ainda serve para algo.;;fonte-resto-de-coroa-v1.png;"Pequeno fragmento dourado e retorcido de uma coroa antiga, derretido parcialmente e readaptado com solda tosca a uma peça de metal comum; brilho opaco e desbotado contrastando com a rusticidade do reparo; pousado sobre uma pilha desfocada de outros destroços ao fundo; paleta de dourado desbotado e marrom-ferrugem; linha de arte que mistura a densidade de Druillet, o tecno-misticismo de Kirby e o acabamento remendado de Grampá; composição de contraste entre opulência passada e pragmatismo presente. Proporção 1:1";Comum
Placa Amassada;v1;Básica-TecSci;1;;Toda placa amassada na Detritônia já foi parede, teto ou blindagem de algo maior.;;fonte-placa-amassada-v1.png;"Placa metálica grande e amassada em ângulos irregulares, superfície coberta de riscos e pequenas manchas de ferrugem, apoiada contra uma pilha de sucata desfocada ao fundo; luz difusa e fria refletindo levemente na superfície irregular; paleta de cinza-metálico e laranja-ferrugem opaco; linha de arte que combina a verticalidade de Druillet, o tecno-misticismo de Kirby e o acabamento sucateado de Grampá; composição simples e robusta, sensação de material reaproveitável de origem incerta. Proporção 1:1";Comum
Fio Desencapado;v1;Básica-TecSci;1;;Um fio desencapado ainda conduz — na Detritônia, isso já é motivo suficiente para guardá-lo.;;fonte-fio-desencapado-v1.png;"Fio de cobre torto e parcialmente desencapado, pequenas fagulhas azuladas saltando intermitentemente da ponta exposta, enrolado sobre uma bancada de trabalho improvisada; fundo desfocado sugerindo uma oficina cheia de sucata; paleta de cobre-avermelhado e azul-elétrico fraco; linha de arte que mistura a densidade de Druillet, o tecno-misticismo de Kirby e o acabamento remendado de Grampá; composição próxima e detalhada, sensação de energia crua ainda disponível. Proporção 1:1";Comum
Raio de Sol Comum;v1;Básica-Físico;1;;O sol nasce igual para todas as nações de Solar Comum, sem favorecer nenhuma.;;fonte-raio-de-sol-comum-v1.png;"Feixe de luz solar clara e forte atravessando uma janela simples de madeira, iluminando o piso de uma praça pública vazia de Solar Comum; poeira suspensa visível no facho de luz; arquitetura funcional e sóbria ao fundo, fora de foco; paleta realista de dourado-solar limpo e madeira clara; linha de arte fotorrealista e naturalista, luz nórdica generosa, sensação de abundância cotidiana e simples. Proporção 1:1";Comum
Suor da Têmpera;v1;Básica-Físico;1;;Cada gota de suor no Vale da Têmpera já temperou uma lâmina ou um guerreiro.;;fonte-suor-da-tempera-v1.png;"Gota de suor isolada escorrendo por um antebraço musculoso e curtido, em primeiro plano close, contra o fundo desfocado de uma forja a céu aberto no Vale da Têmpera; brasas incandescentes ao fundo, vapor fino subindo; paleta realista de laranja-brasa e tons de pele bronzeada; linha de arte fotorrealista e naturalista, luz quente e contrastante, sensação de esforço físico genuíno. Proporção 1:1";Comum
Bandeira de Chão;v1;Básica-Físico;1;;Toda bandeira caída em Solar Comum é reerguida por quem passa, não importa de qual nação.;;fonte-bandeira-de-chao-v1.png;"Pequena bandeira de tecido simples, cores vivas mas desgastadas pelo uso, caída sobre o piso de pedra clara de uma praça pública, prestes a ser recolhida por uma mão fora de quadro; luz de tarde nórdica clara; outras bandeirinhas penduradas desfocadas ao fundo; paleta realista de cores vivas contra cinza-pedra claro; linha de arte fotorrealista e naturalista, composição humilde e respeitosa, sensação de igualdade entre nações. Proporção 1:1";Comum
Pedra da Arena;v1;Básica-Físico;1;;Cada pedra da Arena do Recorde Eterno já sentiu o peso de um campeão.;;fonte-pedra-da-arena-v1.png;"Pedra de concreto claro polida por décadas de uso, levemente gasta no centro por passos repetidos, parte do piso de uma arena de treino a céu aberto; luz de fim de tarde dourada e fria; arquibancadas desfocadas ao fundo; paleta realista de cinza-concreto claro e dourado suave; linha de arte fotorrealista e naturalista, composição simples e sólida, sensação de história atlética acumulada. Proporção 1:1";Comum
Fôlego do Atleta;v1;Básica-Físico;1;;Em Solar Comum, até a respiração de um atleta comum carrega o vigor que o mundo dá a todos.;;fonte-folego-do-atleta-v1.png;"Vapor fino e visível saindo da respiração de um atleta em pleno esforço, em ambiente frio de manhã nórdica, close no rosto suado e determinado, corpo desfocado ao fundo em movimento de treino; luz azulada e fria do amanhecer; paleta realista de branco-vapor e tons de pele saudável; linha de arte fotorrealista e naturalista, sensação de esforço físico honesto e vigoroso. Proporção 1:1";Comum
Pena Solta;v1;Básica-Divino;1;;Cada pena que cai do Destacamento Interregno carrega um pouco da vigília que a soltou.;;fonte-pena-solta-v1.png;"Uma única pena branca e dourada flutuando suavemente no ar, ainda no meio de sua queda lenta, contra um fundo de névoa translúcida e nuvens densas do Interregno; luz suave e difusa sem sombra definida; paleta de branco-perolado e dourado suave envelhecido; linha de arte inspirada na Estação das Brumas, composição minimalista e etérea, sensação de leveza contemplativa. Proporção 1:1";Comum
Fio de Névoa;v1;Básica-Divino;1;;A névoa do Interregno nunca se dissipa por completo — só se afina até quase desaparecer.;;fonte-fio-de-nevoa-v1.png;"Fino filamento de névoa translúcida se movendo lentamente no ar entre terraços de pedra clara suspensos, quase invisível contra a luz difusa; nenhuma figura em cena; paleta de branco-perolado e azul-etéreo muito pálido; linha de arte inspirada na Estação das Brumas, composição minimalista e serena, sensação de suspensão eterna. Proporção 1:1";Comum
Sussurro Suspenso;v1;Básica-Divino;1;;No Destacamento Interregno, até o silêncio tem peso quando ninguém mais fala.;;fonte-sussurro-suspenso-v1.png;"Ondulação sutil e quase imperceptível no ar, sugerida por um leve desfoque de névoa em movimento, como se algo tivesse acabado de ser sussurrado entre os terraços suspensos do Jardim do Véu das Plumas; luz suave e difusa; paleta de branco-perolado e dourado-suave; linha de arte inspirada na Estação das Brumas, composição contemplativa e quase vazia, sensação de comunicação apenas insinuada. Proporção 1:1";Comum
Cinza Alada;v1;Básica-Divino;1;;Mesmo o que se desfaz no Interregno ainda carrega a forma de uma asa.;;fonte-cinza-alada-v1.png;"Pequeno monte de cinzas finas e claras dispostas sutilmente em formato que lembra uma pena ou asa, pousado sobre uma pedra lisa de um terraço suspenso; brisa leve começando a dispersar as bordas do monte; luz suave e difusa; paleta de branco-acinzentado e dourado pálido; linha de arte inspirada na Estação das Brumas, composição melancólica e delicada, sensação de memória física prestes a se dissipar. Proporção 1:1";Comum
Resquício Celeste;v1;Básica-Divino;1;;Todo resquício deixado pelo Destacamento Interregno ainda brilha, mesmo esquecido.;;fonte-resquicio-celeste-v1.png;"Pequeno fragmento de luz cristalizada, quase como um caco de vidro luminoso, pousado esquecido entre pedras de um terraço coberto de musgo leve; brilho fraco e constante emanando de dentro do fragmento; luz suave e difusa ao redor; paleta de branco-perolado e dourado-suave envelhecido; linha de arte inspirada na Estação das Brumas, composição íntima e esquecida, sensação de divindade residual e discreta. Proporção 1:1";Comum
Poeira Cósmica;v1;Básica-Cósmico;1;;Cada grão de poeira cósmica já foi, um dia, parte de uma estrela inteira.;;fonte-poeira-cosmica-v1.png;"Nuvem fina e dispersa de partículas estelares brilhantes flutuando lentamente no vácuo, pontilhado granular sutil no estilo 'Kirby Krackle'; fundo de vácuo profundo e silencioso, poucas estrelas distantes visíveis; paleta de roxo-pálido, branco-plasma fraco e preto-vácuo; linha de arte no estilo do Quarto Mundo de Kirby, composição minimalista e vasta, sensação de origem estelar dispersa. Proporção 1:1";Comum
Faísca Adormecida;v1;Básica-Cósmico;1;;Mesmo adormecida, uma faísca da Astraca ainda pulsa, esperando o momento de acordar.;;fonte-faisca-adormecida-v1.png;"Pequena faísca de energia cósmica pulsando fracamente e de forma intermitente, suspensa isolada no vácuo escuro, pontilhado granular sutil ao redor no estilo 'Kirby Krackle'; nenhuma outra estrutura em cena; paleta de azul-violeta profundo e preto-vácuo; linha de arte no estilo do Quarto Mundo de Kirby, composição minimalista, sensação de potência contida em repouso. Proporção 1:1";Comum
Eco Distante;v1;Básica-Cósmico;1;;O eco de um grito cósmico pode levar eras para finalmente se calar.;;fonte-eco-distante-v1.png;"Ondas concêntricas sutis de energia se propagando lentamente pelo vácuo, cada vez mais fracas e espaçadas, sugerindo um eco antigo quase extinto; pontilhado granular disperso ao longo das ondas; fundo de vácuo estrelado silencioso; paleta de roxo-desbotado e preto-vácuo profundo; linha de arte no estilo do Quarto Mundo de Kirby, composição de dissipação lenta, sensação de um evento antigo ainda ressoando. Proporção 1:1";Comum
Fragmento Estelar;v1;Básica-Cósmico;1;;Todo fragmento estelar guarda, em miniatura, o mesmo peso da estrela que o originou.;;fonte-fragmento-estelar-v1.png;"Pequeno fragmento de rocha estelar escura com uma fina rachadura luminosa atravessando o centro, flutuando isolado no vácuo profundo; pontilhado granular sutil emanando da rachadura no estilo 'Kirby Krackle'; paleta de preto-rocha e roxo-luminoso; linha de arte no estilo do Quarto Mundo de Kirby, composição minimalista e densa, sensação de peso concentrado em pequena escala. Proporção 1:1";Comum
Silêncio do Vácuo;v1;Básica-Cósmico;1;;O silêncio da Astraca não é ausência de som — é a espera antes de um despertar.;;fonte-silencio-do-vacuo-v1.png;"Extensão vasta e absolutamente vazia do vácuo estelar, sem nenhuma estrutura ou fragmento visível além de estrelas distantes e dispersas; ausência quase total de pontilhado granular, reforçando o vazio; paleta de preto-absoluto e pontos brancos distantes; linha de arte no estilo do Quarto Mundo de Kirby, composição minimalista ao extremo, sensação de espera silenciosa e imensidão contida. Proporção 1:1";Comum
Arena Neutra do Torneio;v1;Avançada-Genérico;2;Enquanto esta Fonte estiver em jogo, o custo de ações de Combate de ambos os jogadores é reduzido em 1.;Nenhum dos cinco mundos construiu a Arena Neutra — ela já estava lá antes do primeiro Torneio, e vai continuar depois do último.;Item genérico cobrindo a lacuna de Modificação de Regras/Efeitos de Estádio (staple-info.md) — as 11 Fontes Avançadas de tipo têm efeito de entrada em jogo (Devoção, ETB), mas nenhuma altera regra básica de forma contínua para os DOIS jogadores enquanto em campo, que é a definição literal de 'Efeito de Estádio/Encantamento'. Esta é a primeira Fonte de Energia Avançada sem afinidade de tipo do set (categoria nova, análoga aos Itens genéricos) — efeito simétrico (afeta ambos os jogadores) para não ser apenas um buff unilateral disfarçado, coerente com a definição de 'regra de campo' e não de bônus de time. Efeito determinístico.;fonte-arena-neutra-do-torneio-v1.png;"Arena circular vasta e antiquíssima, construída em pedra cinza-neutra sem ornamentação de nenhum dos cinco mundos, arquibancadas vazias em anéis concêntricos ao redor de uma pista central lisa e gasta por incontáveis Torneios já disputados ali; nenhuma bandeira, símbolo ou estilo arquitetônico identificável de Silenteia, Detritônia, Solar Comum, Destacamento ou Astraca — apenas pedra neutra e funcional, mais antiga que qualquer um dos mundos rivais; luz difusa e sem direção definida, céu encoberto uniforme acima; leve névoa baixa cobrindo o chão da arena; paleta de cinza-pedra neutro, branco-desbotado e uma leve sombra azulada difusa; linha de arte funcional e discreta (mesma estética neutra dos Itens genéricos), composição simétrica e vazia, sensação de terreno comum a todos os mundos, anterior a qualquer rivalidade. Proporção 1:1";Rara
Relógio de Areia Partilhado;v1;Avançada-Genérico;2;Enquanto esta Fonte estiver em jogo, no início da fase de compra de cada jogador, Sondar (1).;Um relógio sem dono, virado por gerações de mãos de todos os cinco mundos — cada grão que cai já foi visto antes de cair.;Segunda Fonte de Energia Avançada genérica do set, cobrindo Modificação de Regras/Efeitos de Estádio com um efeito de regra simétrico e de baixo impacto (visão, não vantagem material direta), para diversificar a categoria nova sem duplicar o formato de custo reduzido da Arena Neutra do Torneio. Efeito determinístico, contínuo enquanto em jogo.;fonte-relogio-de-areia-partilhado-v1.png;"Ampulheta grande e antiga de vidro fosco e moldura de metal neutro sem gravações de tipo específico, grãos de areia clara caindo em fluxo constante e ininterrupto, pousada sozinha sobre um pedestal de pedra cinza simples em um espaço vazio e neutro; leve brilho difuso emanando de dentro do vidro, como se cada grão guardasse uma imagem fugaz antes de cair; fundo cinza uniforme sem elementos de nenhum dos cinco mundos; paleta de cinza-neutro, branco-areia e um leve dourado discreto no brilho interno; linha de arte funcional e discreta, composição centralizada e atemporal, sensação de tempo compartilhado por todos igualmente. Proporção 1:1";Rara
