Nome;Versão;Classificação;Tipo;Fraqueza;Resistência;Vida;Defesa;Nome Ação Passiva;Custo P;Descrição P;Nome Ação Ativa;Custo A;Descrição A;Observação;Arte;Prompt Arte
"Aridan, o Último Suspiro";v1;Lendário Silenteia Vívida;Magia;TecSci;Físico;9;7;Vazio que Persiste (Passiva);;**Vazio que Persiste** — Imunidade a DOT e Perdição.;Leitura do Último Fôlego;4;"**Leitura do Último Fôlego** — Ponto Fraco (4). Se o personagem alvo da ação for nocauteado, coloque um token de Perdição em cada personagem do jogador defensor.";"Patamar Sobre-humano no topo da faixa (Vida 9 de 8-10), coerente com ser o monge mais antigo de Silenteia. Passiva cobre a assinatura Cura/Sobrevida de forma invertida (imunidade a degradação, não cura ativa) — reforça o paradoxo ""não respira mais, só existe"" do próprio nome. Ativa cobre Ponto Fraco (debuff de Defesa) com dano Alto (4, dentro de ~1-2 por energia com custo 3). Efeito determinístico, sem Aposte.";personagem-aridan-o-ultimo-suspiro-v1.png;"Monge ancião e esquelético sentado em posição de lótus perfeita no topo da maior duna de Silenteia, túnicas cor de areia desbotada esvoaçando levemente mesmo sem vento aparente, pele curtida e translúcida como pergaminho antigo, olhos fechados, rosto absolutamente sereno; ao redor dele, pequenas partículas de areia suspensas no ar formam uma espiral lenta, como se o próprio tempo hesitasse em avançar perto dele; nenhum sinal de respiração, nenhuma sombra projetada no chão, como se ele estivesse meio dissolvido entre o real e o vazio; ao fundo, o deserto se estende infinito sob um céu crepuscular de tons roxo-acinzentados e dourados pálidos; grãos de areia visíveis em primeiro plano, luz rasante recortando cada ruga profunda do rosto do monge; linha de arte no estilo de Moebius — traço fino e preciso, silhueta contemplativa e monumental contra um céu vasto, geometria onírica, sensação de imutabilidade e paradoxo entre vida e vazio. Proporção 1:1"
Yemira das Mil Dunas;v1;Lendário Silenteia Vívida;Magia;TecSci;Físico;8;6;Memória da Areia;;"**Memória da Areia** — Uma vez por turno, **Prever (2)**.";Rastro do Guerreiro;2;"**Rastro do Guerreiro** — Flanquear - Ponto Fraco (3). Se o personagem foi nocauteado por este ataque, Prever (3) no seu controlador.";"Patamar Sobre-humano (Vida 8, base da faixa 8-10). Passiva cobre Clarividência/Prever (assinatura de Magia) sem custo de energia, reforçando a leitura constante do ambiente. Ativa cobre Ponto Fraco via debuff de Atk (em vez de Defesa, para diferenciar de Aridan, que já debuffa Defesa) — as duas Sobre-humanas de Silenteia Vívida cobrem lados complementares do Ponto Fraco. Efeito determinístico, sem Aposte.";personagem-yemira-das-mil-dunas-v1.png;"Monja jovem mas de olhar antigo, sentada de pernas cruzadas sobre uma duna alta, uma mão pousada suavemente sobre a areia como se lesse braille em relevo, olhos semicerrados e distantes, expressão de quem escuta algo inaudível; à sua volta, finas linhas douradas translúcidas emergem da areia como fios de memória visível, formando silhuetas fantasmagóricas e efêmeras de guerreiros que já passaram por ali, quase invisíveis contra a luz forte; véus leves cor de areia envolvem seu corpo, esvoaçando suavemente; ao fundo, o deserto infinito de Silenteia sob um céu dourado de fim de tarde, dunas onduladas como um mar petrificado; grão de areia visível em primeiro plano, poeira fina suspensa no ar; linha de arte no estilo de Moebius — traço fino e preciso, composição onírica e contemplativa, sensação de memória acumulada e percepção além do visível. Proporção 1:1"
"Kaelen, Punho Sem Sombra";v1;Punhos Vazios;Magia;TecSci;Físico;6;3;Sombra Que Não Segue;;"**Sombra Que Não Segue** — Uma vez por combate, Kaelen pode usar Desviar.";Golpe Sem Rastro;3;**Golpe Sem Rastro** — Visão Verdadeira - Ponto Fraco (2);"Patamar Esportista (Vida 6, base 5-7). Passiva cobre Desviar como reforço de mobilidade/evasão, coerente com o guardião mais rápido dos templos. Ativa cobre Ponto Fraco com dano Médio (3, custo 2, dentro de ~1-2 por energia). Efeito determinístico, sem Aposte.";personagem-kaelen-punho-sem-sombra-v1.png;"Guerreiro monge jovem e ágil em pleno salto sobre uma duna, túnicas leves cor de areia esvoaçando em movimento congelado, postura de artes marciais precisa e comedida, rosto parcialmente coberto por um véu fino, olhos atentos e calmos; abaixo dele, no chão, nenhuma sombra é projetada apesar da luz forte do entardecer — o contorno vazio onde a sombra deveria estar é preenchido apenas por areia fina se dissipando no ar; ao fundo, silhuetas dos templos de areia compactada de Silenteia contra um céu dourado-avermelhado de fim de tarde, dunas onduladas se estendendo até o horizonte; grãos de areia suspensos em espiral ao redor de seus pés, marcando a velocidade do movimento; linha de arte no estilo de Moebius — traço fino e preciso, composição dinâmica mas serena, sensação de velocidade silenciosa e ausência física. Proporção 1:1"
Sora do Vento Contido;v1;Punhos Vazios;Magia;TecSci;Físico;5;2;Respiração do Deserto;;"**Respiração do Deserto** — Uma vez por turno, **Prever (1)**.";Golpe Antecipado;2;"**Golpe Antecipado** — Cause 2 pontos de dano ao alvo; se uma ação com **Prever** já foi usada turno, cause 3 pontos de dano ao invés de 2.";"Patamar Esportista (Vida 5, base da faixa 5-7). Passiva cobre Clarividência/Prever em escala reduzida (Prever 1, mais barata que a de Yemira) para diferenciar Esportista de Sobre-humano. Ativa condiciona dano extra ao uso da passiva no mesmo turno, reforçando sinergia interna da carta. Efeito determinístico, sem Aposte.";personagem-sora-do-vento-contido-v1.png;"Monja jovem em pé sobre uma duna estreita, olhos fechados e rosto virado contra o vento, cabelos e véus leves esvoaçando na mesma direção constante, respiração visível como um fino vapor suspenso no ar frio do entardecer; uma trilha sutil de partículas douradas segue o fluxo do vento ao seu redor, quase como se o próprio ar desenhasse o caminho que ela já previu; ao fundo, o deserto de Silenteia sob um céu de tons lavanda e dourado pálido, dunas em curvas suaves como ondas paradas; grão de areia visível em primeiro plano sendo levemente arrastado pela brisa; linha de arte no estilo de Moebius — traço fino e preciso, composição serena e contemplativa, sensação de sincronia perfeita com o ambiente. Proporção 1:1"
"Dorhen, Guarda da Última Miragem";v1;Punhos Vazios;Magia;TecSci;Físico;6;4;Guarda Invisível;;"**Guarda Invisível** — No final de sua fase de limpeza, adicione um token de Escudo, neste personagem.";Golpe da Fronteira;3;"**Golpe da Fronteira** — Cause 4 pontos de dano ao alvo. Se algum token foi removido deste personagem durante a fase de limpeza deste turno, coloque um token de Invisibilidade no fim da fase de combate.";"Patamar Esportista no topo da faixa (Vida 6, Defesa 4 — a mais alta entre os Esportistas de Silenteia), coerente com ser o guardião da fronteira. Passiva reforça perfil defensivo com Escudo recorrente. Ativa é dano Médio-Alto direto (4, custo 3), sem condicionais, já que a identidade de Dorhen é resiliência, não debuff. Efeito determinístico, sem Aposte.";personagem-dorhen-guarda-da-ultima-miragem-v1.png;"Monge guerreiro robusto e imóvel, postado como uma estátua viva no topo de uma formação rochosa esguia na fronteira do deserto de Silenteia, túnicas mais pesadas que as dos outros monges, braços cruzados, expressão vigilante e serena; ao redor dele, o ar parece tremular sutilmente, como uma miragem constante que distorce levemente a paisagem ao fundo; poucos vestígios de passos na areia ao seu redor, sugerindo que ele raramente se move de seu posto; ao fundo, o deserto se funde com uma névoa dourada baixa, quase indistinguível entre realidade e miragem, sob um céu crepuscular de tons alaranjados profundos; linha de arte no estilo de Moebius — traço fino e preciso, composição monumental e imóvel, sensação de vigília eterna e presença quase mítica. Proporção 1:1"
Ilyah das Mãos Frias;v1;Punhos Vazios;Magia;TecSci;Físico;5;2;Toque Sem Calor;;"**Toque Sem Calor** — Sempre que este personagem for alvo de uma ação de combate que o dano for maior que sua defesa, coloque um token de Paralisia sobre o personagem que executou a ação.";Mãos Frias;2;"**Mãos Frias** — Ponto Fraco (2). Se o personagem defensor possuir um Token de Paralisia, coloque 2 tokens de Sobrevida sobre este personagem.";"Patamar Esportista (Vida 5, base 5-7). Passiva e Ativa reforçam juntas a linha de assinatura de Debuff de Atk/Def do tipo Magia — Ilyah é a carta mais 'pura' de debuff duplo entre os Esportistas de Silenteia. Dano da Ativa é intencionalmente Baixo (2) para compensar o duplo debuff. Efeito determinístico, sem Aposte.";personagem-ilyah-das-maos-frias-v1.png;"Monja esguia e serena, mãos erguidas à frente do corpo em gesto contemplativo, uma fina camada de geada translúcida cobrindo os dedos e o dorso das mãos mesmo sob o calor do deserto; vapor gelado se dissipa lentamente no ar ao redor de seus punhos fechados; rosto calmo, quase indiferente, olhos semicerrados; ao fundo, dunas de Silenteia sob um céu de entardecer em tons frios de azul-acinzentado contrastando com a areia dourada, um contraste visual entre o calor do mundo e o frio que ela carrega; grãos de areia próximos às mãos parecem levemente cristalizados; linha de arte no estilo de Moebius — traço fino e preciso, composição serena e contemplativa, sensação de renúncia física e frieza deliberada. Proporção 1:1"
"Temuris, o Andarilho Jovem";v1;"Temuris, o Andarilho Jovem - Andarilhos do Silêncio";Magia;TecSci;Físico;4;2;;;;Primeiro Passo do Deserto;2;**Primeiro Passo do Deserto** — Ponto Fraco (2);"Patamar Adulto (Vida 4, topo da faixa 3-4), coerente com ser o mais promissor dos Andarilhos, ainda jovem. Sem Ação Passiva — ponto de entrada narrativo para evolução em expansões futuras (ver descrição no documento de design), reforçado mecanicamente pela ausência de efeito contínuo. Ativa cobre Ponto Fraco em escala reduzida (dano 2, custo 2) frente às versões Sobre-humano/Esportista do tipo. Efeito determinístico, sem Aposte.";personagem-temuris-o-andarilho-jovem-v1.png;"Jovem monge andarilho, mochila simples de tecido áspero nas costas, cajado curto de madeira desgastada na mão, olhando para o horizonte do deserto de Silenteia com uma mistura de determinação e insegurança; roupas mais simples e remendadas que as dos monges dos templos, sandálias gastas pela estrada; atrás dele, uma única fileira de pegadas recentes na areia, a primeira travessia solitária; ao fundo, o deserto vasto se estende sob um céu de amanhecer em tons rosados e dourados suaves, os templos de Silenteia já distantes e pequenos no horizonte; grão de areia visível em primeiro plano; linha de arte no estilo de Moebius — traço fino e preciso, composição aberta e vulnerável, sensação de início de jornada e vastidão desconhecida pela frente. Proporção 1:1"
Andarilho Silencioso;v1;Andarilho Silencioso - Andarilhos do Silêncio;Magia;TecSci;Físico;3;1;;;;Passo sem Eco;1;**Passo sem Eco** — Esta ação causa 2 pontos de dano no alvo.;"Patamar Adulto genérico (Vida 3, base da faixa 3-4). Sem passiva, ativa simples de dano Baixo-Médio a custo mínimo (1), coerente com personagem de tropa/populacional sem efeito de assinatura dedicado. Efeito determinístico, sem Aposte.";personagem-andarilho-silencioso-v1.png;"Monge itinerante de meia-idade, capuz simples cobrindo parte do rosto, caminhando sozinho por uma trilha de dunas sob a luz forte do meio-dia, carregando pouco — apenas um cantil de couro e um cajado de apoio; passos silenciosos, pouca poeira levantada apesar do calor; expressão neutra e distante, acostumado à solidão do deserto; ao fundo, dunas se sucedem até o horizonte sem nenhum ponto de referência fixo, céu claro e ofuscante; linha de arte no estilo de Moebius — traço fino e preciso, composição minimalista e solitária, sensação de jornada sem destino definido. Proporção 1:1"
Deserto Andante;v1;Andarilhos do Silêncio;Magia;TecSci;Físico;3;2;Guia Silenciosa;;"**Guia Silenciosa** — Quando este personagem entrar em jogo, olhe as suas Pedras de Recompensa viradas para baixo e depois as coloque de volta em sua posição original.";;;;"Patamar Adulto genérico (Vida 3, base 3-4). Passiva cobre Clarividência/Prever em escala mínima (uso único por partida), sem Ação Ativa — personagem de suporte discreto, coerente com o papel de guia que não combate diretamente. Efeito determinístico, sem Aposte.";personagem-deserto-andante-v1.png;"Guia monge de meia-idade caminhando à frente de um pequeno grupo indistinto de peregrinos ao fundo, gesto calmo apontando um caminho entre duas grandes dunas, rosto sereno e conhecedor, roupas práticas de viagem cor de areia; trilha visível na areia que ele segue de cor, sem necessidade de mapas ou marcos; ao fundo, o deserto de Silenteia sob um céu de tarde claro e quente, dunas onduladas formando um labirinto natural; linha de arte no estilo de Moebius — traço fino e preciso, composição funcional e serena, sensação de conhecimento acumulado do terreno. Proporção 1:1"
Sem Voz Andante;v1;Sem Voz Andante - Andarilhos do Silêncio;Magia;TecSci;Físico;4;1;;;;Golpe Hesitante;2;**Golpe Hesitante** — Cause 3 pontos de dano ao alvo.;"Patamar Adulto genérico (Vida 4, topo da faixa 3-4). Sem passiva, ativa de dano Médio (3, custo 2), acima da média dos genéricos Adultos por estar no topo da faixa de Vida. Efeito determinístico, sem Aposte.";personagem-sem-voz-andante-v1.png;"Monge adulto solitário parado no meio de uma bifurcação de trilhas na areia, olhando para trás em direção a um templo distante no horizonte, postura hesitante, uma mão ainda erguida como se fosse voltar; roupas de andarilho já desgastadas pela estrada; luz de entardecer alongando sua sombra na direção da estrada à frente; ao fundo, dunas onduladas e o contorno baixo de um templo de areia compactada; linha de arte no estilo de Moebius — traço fino e preciso, composição de indecisão silenciosa, sensação de jornada ainda incerta entre dois caminhos. Proporção 1:1"
Andarilha;v1;Andarilha - Andarilhos do Silêncio;Magia;TecSci;Físico;3;1;;;;Silêncio por Silêncio;1;**Silêncio por Silêncio** — Flanquear - Coloque 1 token de sobrecura sobre o personagem alvo.;"Patamar Adulto genérico (Vida 3, base 3-4). Ativa cobre Cura/Sobrevida modesta (assinatura de Magia) em escala mínima e custo baixo (1), coerente com papel de suporte itinerante. Efeito determinístico, sem Aposte.";personagem-andarilha-v1.png;"Monja andarilha solitária sentada junto a um pequeno oásis entre dunas, oferecendo um cantil de água a uma silhueta distante e indistinta de outro viajante, gesto silencioso e gentil; véus leves cor de areia, poucos pertences ao redor; palmeiras esparsas e raras ao redor do oásis, água refletindo o céu dourado do entardecer; ao fundo, o deserto vasto de Silenteia se estendendo entre um oásis e outro; linha de arte no estilo de Moebius — traço fino e preciso, composição íntima e serena, sensação de troca silenciosa e hospitalidade discreta. Proporção 1:1"
"Anui, Aprendiz da Primeira Areia";v1;"Anui, Aprendiz da Primeira Areia - Aprendizes de Silenteia";Magia;TecSci;Físico;2;1;;;;Primeira Lição da Areia;1;**Primeira Lição da Areia** — Cause 2 ponto de dano ao personagem alvo. Seu oponente pode comprar uma carta.;"Patamar Sedentário no topo da faixa (Vida 2, base 1-2), coerente com ser o Aprendiz mais recente. Ativa de dano Baixo mínimo (1, custo 1) — ponto de entrada narrativo para evolução em expansões futuras. Efeito determinístico, sem Aposte.";personagem-anui-aprendiz-da-primeira-areia-v1.png;"Criança monge muito jovem, vestes simples e largas demais para seu corpo, sentada desajeitadamente em posição de meditação incompleta sobre uma pequena duna próxima a um templo, olhos abertos e curiosos em vez de fechados como os mestres; um punhado de areia escorrendo entre seus dedos enquanto observa fascinada; ao fundo, o templo de areia compactada de onde veio, monges mais velhos meditando em silêncio ao longe; luz suave e dourada de início de manhã; linha de arte no estilo de Moebius — traço fino e preciso, composição terna e ingênua, sensação de aprendizado nos primeiros passos da disciplina. Proporção 1:1"
Criança de Silenteia;v1;Criança de Silenteia - Aprendizes de Silenteia;Magia;TecSci;Físico;1;0;;;;Respiração Incerta;1;"**Respiração Incerta** — Se o personagem alvo estiver com algum token sobre ele, coloque 1 token de sobrevida sobre aquele personagem.";"Patamar Sedentário genérico na base da faixa (Vida 1, mínimo de 1-2). Ativa cobre Cura/Sobrevida modesta em escala mínima (1 ponto, custo 1), coerente com um personagem recém-chegado, ainda sem capacidade ofensiva. Efeito determinístico, sem Aposte.";personagem-crianca-de-silenteia-v1.png;"Criança muito pequena, vestes de aprendiz visivelmente novas e ainda rígidas, sentada sozinha na entrada de um templo de areia compactada, tentando imitar a postura de meditação dos monges mais velhos ao fundo, ainda desajeitada e insegura; expressão concentrada e um pouco tensa, respiração visível como um leve vapor no ar fresco da manhã; ao redor, o pátio simples do templo, poucas pegadas pequenas na areia; luz suave e fria do amanhecer; linha de arte no estilo de Moebius — traço fino e preciso, composição pequena e delicada dentro de um cenário vasto, sensação de primeiros passos frágeis numa disciplina imensa. Proporção 1:1"
Barulho Encarnado;v1;Barulho Encarnado - Aprendizes de Silenteia;Magia;TecSci;Físico;2;0;;;;Postura Copiada;1;"**Postura Copiada** — Flanquear - Causa 3 pontos de dano no alvo. Esta ação só pode ser utilizada se um de seus personagens estiver com um token de Invisibilidade. Ao resolver esta ação, remova o token de invisibilidade do seu personagem.";"Patamar Sedentário genérico no topo da faixa (Vida 2, base 1-2). Ativa de dano Baixo mínimo (1, custo 1), nome irônico reforçando que o personagem ainda não internalizou a disciplina do silêncio — contraste temático deliberado dentro do tipo Magia. Efeito determinístico, sem Aposte.";personagem-barulho-encarnado-v1.png;"Jovem aprendiz atrapalhado tentando reproduzir uma postura de combate avançada no pátio de um templo, braços em ângulos levemente errados, expressão de esforço e concentração exagerada, quase cômica; ao fundo, um monge mais velho observa em silêncio absoluto, postura perfeita e serena, contraste evidente entre os dois; poeira de areia levantada pelos movimentos desajeitados do aprendiz; luz de meio-dia forte e direta; linha de arte no estilo de Moebius — traço fino e preciso, composição contrastante entre desajeite e disciplina, sensação de aprendizado ainda em bruto. Proporção 1:1"
Filha de Silenteia;v1;Filha de Silenteia - Aprendizes de Silenteia;Magia;TecSci;Físico;1;1;Disciplina Herdada;;"**Disciplina Herdada** — Devoção (Yemira das Mil Dunas) - Enquanto este personagem estiver em jogo, seus personagens são Imunes a Confusão e Paralisia.";;;;"Patamar Sedentário genérico na base da faixa (Vida 1, mínimo 1-2). Passiva de imunidade pontual (Confusão) sem Ação Ativa, coerente com personagem ainda em formação — a disciplina já é inata, mas o combate ainda não. Efeito determinístico, sem Aposte.";personagem-filha-de-silenteia-v1.png;"Menina pequena de expressão serena e incomum para sua idade, vestes simples de aprendiz já bem ajustadas ao corpo, sentada em posição de lótus perfeita e estável no pátio de um templo, olhos fechados com naturalidade que contrasta com sua pouca idade; ao redor, outros aprendizes brincam desajeitados ao fundo, enquanto ela permanece imóvel e concentrada; luz suave da tarde iluminando seu rosto calmo; linha de arte no estilo de Moebius — traço fino e preciso, composição serena em meio à agitação ao fundo, sensação de disciplina inata e precoce. Proporção 1:1"
Silenteia Estrondosa;v1;Silenteia Estrondosa - Aprendizes de Silenteia;Magia;TecSci;Físico;2;0;Grito no Templo;;"**Grito no Templo** — Quando este personagem entrar em jogo, coloque 2 tokens de DefDown no personagem alvo.";;;;"Patamar Sedentário genérico no topo da faixa (Vida 2, base 1-2). Ativa cobre Ponto Fraco em escala mínima (debuff puro, sem dano, custo 1), nome e efeito reforçando o contraste irônico com o silêncio valorizado pelo tipo. Efeito determinístico, sem Aposte.";personagem-silenteia-estrondosa-v1.png;"Jovem aprendiz de expressão desafiadora, boca aberta em meio a um grito ou protesto, gesticulando com as mãos diante de um grupo de monges mais velhos visivelmente incomodados ao fundo, dentro do pátio de um templo de areia compactada; poeira levemente agitada ao seu redor pela intensidade do movimento, contrastando com a quietude do ambiente; luz forte de meio-dia; linha de arte no estilo de Moebius — traço fino e preciso, composição de contraste entre agitação e silêncio ao redor, sensação de rebeldia juvenil dentro de uma disciplina rígida. Proporção 1:1"
"Vharek, o Sábio Remanescente";v1;Lendário Guardiões do Contrato;TecSci;Físico;Magia;9;7;Cláusula Lida Duas Vezes;;"**Cláusula Lida Duas Vezes** — Sempre que um Item ou Fonte de Energia seu for para o descarte, compre 2 carta.";Pacto Desfeito;3;"**Pacto Desfeito** — Triturar (1) - Extinguir Fonte (1) — Descarte duas fontes de Energia do personagem defensor. Selecione um personagem do jogador defensor, esta ação causa 4 pontos de dano ao personagem escolhido.";"Patamar Sobre-humano no topo da faixa (Vida 9 de 8-10), coerente com ser o único sobrevivente direto da antiga corte de sábios. Passiva cobre Reaproveitar de forma indireta (vantagem de cartas ao perder recursos, não recuperação direta) — reforça a lição aprendida com a culpa do colapso do reino. Ativa cobre Triturar/Extinguir Fonte com dano Médio-Alto (3, custo 3). Efeito determinístico, sem Aposte.";personagem-vharek-o-sabio-remanescente-v1.png;"Ancião imponente de longas vestes remendadas com placas metálicas e fragmentos de pergaminhos arcanos costurados ao tecido, rosto marcado por rugas profundas e uma expressão de culpa contida e sabedoria acumulada, segurando um cajado torto feito de sucata nobre — metal dourado retorcido em torno de um núcleo de circuito exposto; ao redor dele, contratos rasgados flutuam suspensos no ar como fantasmas de papel, alguns pegando fogo lentamente nas bordas; parado no topo de uma pilha vertiginosa de destroços da antiga corte arcana, colunas partidas e tronos derretidos ao fundo; iluminação dramática vinda de fendas de energia residual azul-esverdeada; paleta de marrom-ferrugem, dourado opaco e verde-azulado elétrico; linha de arte que mistura a verticalidade densa de Druillet, o design tecno-mítico do Quarto Mundo de Kirby e o acabamento remendado de Grampá; composição monumental e solene, sensação de sabedoria forjada na ruína. Proporção 1:1"
Ishara da Coroa Fundida;v1;Lendário Guardiões do Contrato;TecSci;Físico;Magia;3;10;Leitura sem Armadilha;;**Leitura sem Armadilha** — Imune a Debuffs.;Coroa Reforjada;3;"**Coroa Reforjada** — 
Flanquear - Esta ação causa 3 pontos de Dano.

Reaproveitar Recursos (X) — Coloque X tokens de LifeUp neste personagem.";"Patamar Sobre-humano (Vida 8, base 8-10). Passiva cobre proteção contra Debuffs de Item, coerente com quem entende contratos arcanos o suficiente para nunca ativar armadilhas alheias. Ativa cobre Reaproveitar de forma direta (recuperação de Item do descarte) combinada a buff de Atk. Efeito determinístico, sem Aposte.";personagem-ishara-da-coroa-fundida-v1.png;"Mulher de meia-idade com postura régia mas roupas remendadas de sucata nobre, usando uma coroa assimétrica e irregular feita de metal dourado derretido e recomposto, cravejada de pequenos cristais de contrato rachados que pulsam luz intermitente; segura na mão um cetro improvisado de engrenagens douradas emperradas; ao fundo, o Trono Enferrujado meio visível entre pilhas de destroços do antigo palácio, correntes de contrato quebradas penduradas ao redor; vapor arcano esverdeado escapando de rachaduras próximas; paleta de dourado opaco desbotado, marrom-ferrugem e brilho arcano azul-esverdeado; linha de arte que combina a monumentalidade vertical de Druillet, o design tecno-mítico do Quarto Mundo de Kirby e o acabamento sucateado de Grampá; composição centralizada e imponente, sensação de realeza reconstruída a partir da ruína. Proporção 1:1"
Bruk Sete-Mãos;v1;Engenheiros da Queda;TecSci;Físico;Magia;3;3;Braços de Reposição;;"**Braços de Reposição** — Quando este personagem entrar em jogo, ele recebe 1 tokens de Imunidade a Morte.";Sete Golpes Improvisados;2;"**Sete Golpes Improvisados** — cause 3 pontos de dano ao alvo; se você tiver 3 ou mais cartas no descarte, cause 4 pontos.
Se esta ação nocauteou o personagem defensor, Extingua 5 recursos de sua mão - coloque um token de Imunidade a Morte neste personagem.";"Patamar Esportista (Vida 6, base 5-7). Passiva cobre Sobrevida/mitigação pontual única por partida, reforçando a resiliência de quem se remendou com braços de reposição. Ativa cobre o buff condicionado à quantidade de cartas em descarte (assinatura de TecSci), dano Médio (3-4, custo 2). Efeito determinístico, sem Aposte.";personagem-bruk-sete-maos-v1.png;"Engenheiro robusto de torso nu remendado com placas metálicas amassadas, exibindo sete braços mecânicos improvisados de tamanhos e estilos visivelmente diferentes anexados ao corpo, cada um vindo de uma peça distinta de maquinário antigo — um dourado e ornamentado, outro cinza e industrial, outro com fios expostos; expressão confiante e um sorriso torto; ao fundo, uma oficina a céu aberto em meio a pilhas de sucata da Detritônia, fagulhas saltando de uma solda próxima; paleta de cinza-metálico, laranja-fagulha e dourado desbotado; linha de arte que mistura a energia tecno-mítica do Quarto Mundo de Kirby, a verticalidade de Druillet e a estética remendada e caótica de Grampá; composição dinâmica e cheia de detalhes mecânicos, sensação de engenhosidade improvisada elevada ao extremo. Proporção 1:1"
Nyssa Solda-Frita;v1;Engenheiros da Queda;TecSci;Físico;Magia;5;2;Solda sem Fogo;;"**Solda sem Fogo** — Quando um algum jogador Extinguir uma fonte, coloque um token de sobrecura sobre este personagem.";Emenda Improvisada;1;**Emenda Improvisada** — Reaproveitar Recurso (1);"Patamar Esportista (Vida 5, base 5-7). Passiva cobre Cura/Sobrevida modesta condicionada ao descarte de Fontes, ligando a cura à própria mecânica de reciclagem do tipo. Ativa cobre Reaproveitar diretamente em Fontes de Energia (em vez de Itens, para diferenciar de Ishara). Efeito determinístico, sem Aposte.";personagem-nyssa-solda-fria-v1.png;"Engenheira concentrada, mas em sua apresentação demonstra sinais de que está quebrada mentalmente, segurando um maçarico improvisado que emite uma chama azul-esverdeada fria em vez de laranja, soldando uma peça de metal amassada sobre uma bancada cercada de sucata organizada em pilhas cuidadosas; óculos de proteção artesanais com lentes de vidro reaproveitado, macacão remendado com retalhos de diferentes texturas metálicas; fagulhas frias e translúcidas saltando da solda, quase como cristais efêmeros; ao fundo, a Cratera da Sucata Viva visível ao longe, fumaça esverdeada subindo lentamente; paleta de cinza-metálico, verde-azulado elétrico e laranja apagado; linha de arte que mistura o design tecno-orgânico do Quarto Mundo de Kirby, a densidade vertical de Druillet e o acabamento gambiarra de Grampá; composição íntima e detalhada, sensação de perícia calma em meio ao caos da sucata. Proporção 1:1"
"Drommel, o Recicla-Ossos";v1;Engenheiros da Queda;TecSci;Físico;Magia;6;2;;;;Reciclagem de Combate;2;**Reciclagem de Combate - Reciclar Recursos (2)** — Compre uma carta - Esta ação causa 2 pontos de dano no alvo.;"Patamar Esportista (Vida 6, base 5-7). Sem passiva, ativa combina Reciclar Recursos (controle de cartas) com dano direto no mesmo custo, reforçando a estética macabra e prática do personagem. Efeito determinístico, sem Aposte.";personagem-drommel-o-recicla-ossos-v1.png;"Engenheiro sombrio e magro, vestes escuras remendadas com ossos metálicos e fragmentos de armaduras quebradas de combatentes caídos, carregando às costas um amontoado macabro mas organizado de peças recicladas — engrenagens, placas e hastes que lembram vagamente uma estrutura óssea; expressão fria e pragmática, sem crueldade aparente, apenas eficiência; ao fundo, um campo de destroços de batalhas antigas na Detritônia, névoa baixa cobrindo parte da cena; paleta de cinza-esverdeado escuro, marrom-ossificado e um brilho residual pálido vindo das peças recicladas; linha de arte que combina a densidade vertical de Druillet, o tecno-misticismo do Quarto Mundo de Kirby e o acabamento sucateado de Grampá; composição sombria e detalhada, sensação de necessidade elevada a método de trabalho. Proporção 1:1"
Fenn da Última Fundição;v1;Engenheiros da Queda;TecSci;Físico;Magia;5;3;Fundição Teimosa;;**Fundição Teimosa** — Uma vez por turno você pode Reciclar (X) Recursos de sua mão - coloque X tokens de AtkUp neste personagem.;Golpe da Última Fornalha;3;**Golpe da Última Fornalha** — Cause 3 pontos de dano ao alvo.;"Patamar Esportista (Vida 5, base 5-7). Passiva cobre o buff condicionado à quantidade de cartas em descarte (assinatura de TecSci), espelhando a Cratera da Sucata Viva mas em escala de personagem. Ativa é dano Médio direto (3, custo 3), sem condicionais, coerente com a teimosia do personagem. Efeito determinístico, sem Aposte.";personagem-fenn-da-ultima-fundicao-v1.png;"Ferreiro corpulento e teimoso, avental de couro remendado com placas metálicas, martelo improvisado erguido sobre uma bigorna feita de um antigo brasão real derretido, dentro da única fundição ainda ativa da Detritônia; fornalha ao fundo emitindo um brilho alaranjado intenso, fumaça densa subindo entre vigas de metal retorcido que sustentam a estrutura precária; fagulhas voando em arco ao redor do martelo em movimento; rosto suado e determinado, iluminado pela luz quente da fornalha contra o ambiente escuro ao redor; paleta de laranja-brasa intenso, cinza-metálico escuro e dourado opaco; linha de arte que mistura a verticalidade de Druillet, o design tecno-mítico do Quarto Mundo de Kirby e o acabamento remendado de Grampá; composição centrada e vigorosa, sensação de persistência contra o colapso do reino. Proporção 1:1"
Cassia Paga-Devagar;v1;Herdeiros da Dívida;TecSci;Físico;Magia;4;2;;;;Parcela Quitada;2;**Parcela Quitada** — Reciclar Recurso (X) — Reduza o cuso desta ação em X (X não pode ser maior que o cuso dessa ação) — Cause 2 pontos de dano ao alvo.;"Patamar Adulto no topo da faixa (Vida 4, base 3-4), símbolo de que a Detritônia inteira ainda paga pelo erro da monarquia. Ativa cobre custo variável pago com descarte (assinatura de TecSci), dano Médio modesto (2, custo reduzível). Efeito determinístico, sem Aposte.";personagem-cassia-paga-devagar-v1.png;"Mulher adulta de expressão cansada mas determinada, roupas simples remendadas com retalhos metálicos, carregando uma pequena bolsa de couro surrada cheia de fichas de contrato antigas e gastas; caminha por uma rua estreita entre pilhas de sucata organizadas da Detritônia, contando moedas improvisadas feitas de metal reciclado na palma da mão; luz fraca e amarelada de lampiões improvisados ao entardecer; ao fundo, silhuetas de casas remendadas com placas metálicas variadas; paleta de marrom-ferrugem opaco, amarelo-lampião fraco e cinza-metálico; linha de arte que mistura a densidade de Druillet, o tecno-misticismo do Quarto Mundo de Kirby e o acabamento sucateado de Grampá; composição íntima e cotidiana, sensação de peso herdado carregado com resignação digna. Proporção 1:1"
Forneiro da Dívida;v1;Herdeiros da Dívida;TecSci;Físico;Magia;3;1;;;;Turno Extra na Fundição;1;"**Turno Extra na Fundição** — Cause 2 pontos de dano ao alvo.

Duplicar (2).";"Patamar Adulto genérico (Vida 3, base 3-4). Sem passiva, ativa de dano Médio simples (2, custo 2), coerente com personagem de tropa/populacional sem efeito de assinatura dedicado. Efeito determinístico, sem Aposte.";personagem-forneiro-da-divida-v1.png;"Trabalhador exausto de meia-idade, avental sujo de fuligem, alimentando uma fornalha comunitária modesta com pedaços de sucata variados, rosto marcado por longas horas de turno extra; ao fundo, outros trabalhadores similares em fileira fazendo o mesmo trabalho repetitivo, todos remendados com roupas parecidas; fumaça cinzenta subindo em colunas retas das fornalhas; luz alaranjada fraca contrastando com o ambiente cinza e opaco ao redor; paleta de cinza-industrial, laranja-fosco e marrom-fuligem; linha de arte que combina a verticalidade densa de Druillet, o design tecno-mítico do Quarto Mundo de Kirby e o acabamento remendado de Grampá; composição repetitiva e sombria, sensação de labuta coletiva sem fim à vista. Proporção 1:1"
Sucateiro Oficial;v1;Herdeiros da Dívida;TecSci;Físico;Magia;3;1;Contrato Bem Lido;;"**Contrato Bem Lido** — Quando este personagem entrar em jogo, olhe a mão do jogador alvo.";;;;"Patamar Adulto genérico (Vida 3, base 3-4). Passiva cobre Clarividência em escala mínima (uso único por partida), sem Ação Ativa — personagem de suporte/negociação, coerente com o papel de intermediário comercial. Efeito determinístico, sem Aposte.";personagem-sucateiro-oficial-v1.png;"Homem de meia-idade com um caderno de anotações improvisado feito de placas metálicas finas, examinando cuidadosamente uma peça de sucata oferecida por uma silhueta indistinta de outro negociante, expressão atenta e desconfiada; carrinho de mão cheio de peças variadas ao lado; cenário de um mercado improvisado entre becos estreitos cheios de sucata empilhada da Detritônia; luz difusa de fim de tarde; paleta de marrom-metálico, cinza-opaco e um leve brilho dourado nas peças mais valiosas; linha de arte que mistura a densidade de Druillet, o tecno-misticismo do Quarto Mundo de Kirby e o acabamento sucateado de Grampá; composição comercial e detalhada, sensação de cautela aprendida com a história do colapso. Proporção 1:1"
Mender das Remendeiras;v1;Herdeiros da Dívida;TecSci;Físico;Magia;4;1;;;;Remendo por Favor;1;**Remendo por Favor** — Flanquear - Coloque um token de Sobrevida no personagem alvo.;"Patamar Adulto genérico no topo da faixa (Vida 4, base 3-4). Ativa cobre Cura/Sobrevida modesta em escala mínima (1 ponto, custo 1), incomum para TecSci mas coerente com a economia de favores da Detritônia. Efeito determinístico, sem Aposte.";personagem-mender-das-remendeiras-v1.png;"Artesã de mãos calejadas remendando uma máquina quebrada pertencente a um vizinho, ferramentas improvisadas espalhadas ao redor sobre um pano surrado, expressão concentrada e gentil; ao fundo, outras máquinas remendadas aguardando conserto em fila organizada, cada uma marcada com um pequeno bilhete de troca; luz suave de uma lâmpada improvisada pendurada por fios expostos; paleta de cinza-metálico suave, amarelo-lâmpada fraco e marrom-desgastado; linha de arte que combina a verticalidade de Druillet, o design tecno-mítico do Quarto Mundo de Kirby e o acabamento remendado de Grampá; composição íntima e comunitária, sensação de solidariedade prática substituindo o dinheiro ausente. Proporção 1:1"
Herdeiro Atento;v1;Herdeiros da Dívida;TecSci;Físico;Magia;3;2;Erro Não Repetido;;"**Erro Não Repetido** — Devoção (Vharek, o Sábio Remanescente) - Personagens do tipo 🟢 são Imunes a Confusão.";;;;"Patamar Adulto genérico (Vida 3, base 3-4). Passiva de imunidade pontual (Confusão) sem Ação Ativa, reforçando a cautela aprendida coletivamente pela Detritônia após o colapso do reino. Efeito determinístico, sem Aposte.";personagem-herdeiro-atento-v1.png;"Jovem adulto de expressão séria e atenta, sentado em um banco improvisado lendo um pergaminho antigo e queimado nas bordas à luz de uma vela feita de resíduo de cera reciclada, cercado por anotações próprias grudadas na parede com fita metálica improvisada; ao fundo, silhuetas indistintas de um trono derretido em uma pintura antiga pendurada torta na parede, lembrete constante do colapso; luz quente e concentrada da vela contrastando com a penumbra ao redor; paleta de marrom-pergaminho, dourado-vela fraco e cinza-parede escuro; linha de arte que mistura a densidade de Druillet, o tecno-misticismo do Quarto Mundo de Kirby e o acabamento sucateado de Grampá; composição estudiosa e introspectiva, sensação de vigilância herdada contra a repetição da história. Proporção 1:1"
Tino Mão-de-Prego;v1;Órfãos da Sucata;TecSci;Físico;Magia;2;1;;Brinquedo de Pregos;**Brinquedo de Pregos** — Espinhos (2).;;;;"Patamar Sedentário no topo da faixa (Vida 2, base 1-2), o retrato mais puro da engenhosidade nascida da necessidade. Ativa de dano Baixo mínimo (1, custo 1) — ponto de entrada narrativo para evolução em expansões futuras. Efeito determinístico, sem Aposte.";personagem-tino-mao-de-prego-v1.png;"Criança catadora magra e suja de graxa, sentada no chão entre pilhas de sucata miúda, montando cuidadosamente um pequeno brinquedo articulado feito apenas de pregos tortos e arame fino, expressão de concentração orgulhosa; mãos pequenas cobertas de pequenos cortes e calos já formados pelo trabalho manual constante; ao redor, outros brinquedos improvisados já finalizados enfileirados como troféus modestos; luz suave de fim de tarde passando por frestas entre placas metálicas de um abrigo improvisado; paleta de cinza-metálico claro, marrom-arame enferrujado e um leve brilho dourado poeirento; linha de arte que combina a verticalidade de Druillet, o tecno-misticismo do Quarto Mundo de Kirby e o acabamento remendado de Grampá; composição terna e detalhada, sensação de criatividade genuína nascida da escassez. Proporção 1:1"
Órfão das Crateras;v1;Órfãos da Sucata;TecSci;Físico;Magia;1;0;;;;Peça Ainda Funcional;1;**Peça Ainda Funcional** — Reciclar Recursos (2/1).;"Patamar Sedentário genérico na base da faixa (Vida 1, mínimo 1-2). Ativa cobre filtragem/reciclagem de mão em escala mínima (1 para 1, custo 1), coerente com o hábito de separar o que ainda serve do que é só sucata. Efeito determinístico, sem Aposte.";personagem-orfao-das-crateras-v1.png;"Criança pequena e descalça vasculhando cuidadosamente entre destroços no fundo de uma cratera industrial, segurando contra a luz uma peça metálica pequena para verificar se ainda funciona, expressão de esperança cautelosa; roupas remendadas com retalhos variados, uma sacola de pano surrado pendurada no ombro já parcialmente cheia; ao fundo, as paredes íngremes e estratificadas da cratera repletas de camadas de sucata; luz difusa filtrando por fendas na rocha muito acima; paleta de cinza-metálico, marrom-terroso e um leve brilho verde-azulado residual nas peças mais raras; linha de arte que mistura a densidade vertical de Druillet, o tecno-misticismo do Quarto Mundo de Kirby e o acabamento sucateado de Grampá; composição pequena e vulnerável dentro de um cenário vasto, sensação de sobrevivência cotidiana. Proporção 1:1"
Abrigado em Detritônia;v1;Órfãos da Sucata;TecSci;Físico;Magia;2;1;Carcaça Remendada;;"**Carcaça Remendada** — Devoção (Ishara da Coroa Fundida) - Quando este persoangem entrar me jogo, coloque um token de Escudo sobre cada personagem do tipo 🟢.";;;;"Patamar Sedentário genérico no topo da faixa (Vida 2, base 1-2). Passiva de Escudo pontual sem Ação Ativa, reforçando a proteção literal que o abrigo improvisado oferece. Efeito determinístico, sem Aposte.";personagem-abrigado-em-detritonia-v1.png;"Jovem sentado dentro do casco aberto de uma máquina antiga desativada, transformado em um pequeno abrigo íntimo com panos remendados pendurados por dentro e uma lamparina improvisada pendurada num gancho metálico, expressão tranquila e acostumada ao espaço apertado; do lado de fora, vê-se apenas parte do casco enferrujado emergindo de uma pilha maior de sucata ao redor; luz quente e aconchegante vinda de dentro, contrastando com a escuridão externa; paleta de marrom-ferrugem, amarelo-lamparina suave e cinza-metálico escuro; linha de arte que combina a verticalidade de Druillet, o design tecno-mítico do Quarto Mundo de Kirby e o acabamento remendado de Grampá; composição íntima e aconchegante dentro de um cenário industrial hostil, sensação de lar improvisado com dignidade. Proporção 1:1"
Comerciante Improvisado;v1;Órfãos da Sucata;TecSci;Físico;Magia;1;0;;;;Troca Rápida;1;**Troca Rápida** — Remova um Debuff do personagem alvo.;"Patamar Sedentário genérico na base da faixa (Vida 1, mínimo 1-2). Ativa cobre Cura/Sobrevida modesta em escala mínima (1 ponto, custo 1), incomum para TecSci mas coerente com a necessidade de sobrevivência básica do personagem. Efeito determinístico, sem Aposte.";personagem-comerciante-improvisado-v1.png;"Criança pequena e esperta negociando com gestos rápidos das mãos em um mercado improvisado a céu aberto, trocando uma peça metálica reluzente por um pequeno embrulho de comida com um adulto indistinto ao fundo, expressão confiante e ágil; bancas improvisadas de madeira e sucata ao redor, exibindo variados itens recicladas; luz de meio-dia direta sobre o mercado movimentado; paleta de marrom-madeira, cinza-metálico e cores variadas e desbotadas das mercadorias; linha de arte que mistura a densidade de Druillet, o tecno-misticismo do Quarto Mundo de Kirby e o acabamento sucateado de Grampá; composição vívida e comercial, sensação de esperteza precoce nascida da necessidade. Proporção 1:1"
Aprendiz de Arquiteto;v1;Órfãos da Sucata;TecSci;Físico;Magia;2;0;;;;Rascunho de Máquina;1;"**Rascunho de Máquina** — Cause 1 ponto de dano ao alvo;";"Patamar Sedentário genérico no topo da faixa (Vida 2, base 1-2). Ativa de dano Baixo mínimo (1, custo 1), coerente com personagem ainda em fase de aprendizado teórico, sem grande capacidade ofensiva prática. Efeito determinístico, sem Aposte.";personagem-aprendiz-de-arquiteto-v1.png;"Criança magra sentada num canto tranquilo entre pilhas de sucata, desenhando cuidadosamente esquemas de máquinas complexas e fantasiosas num caderno improvisado de páginas remendadas, expressão sonhadora e concentrada; lápis feito de um pedaço de carvão amarrado a um pequeno cabo metálico; ao redor, pequenos protótipos de brinquedos mecânicos inacabados espalhados no chão, tentativas anteriores de construir o que desenha; luz suave de fim de tarde entrando por uma abertura irregular no abrigo improvisado; paleta de cinza-papel, marrom-carvão e um leve brilho dourado nos protótipos metálicos; linha de arte que combina a verticalidade de Druillet, o tecno-misticismo do Quarto Mundo de Kirby e o acabamento remendado de Grampá; composição contemplativa e detalhada, sensação de ambição contida esperando os recursos certos. Proporção 1:1"
"Bragan, o Recorde Imbatível";v1;Lendário Titãs Comunais;Físico;Magia;TecSci;9;6;Patrimônio Vivo;;**Patrimônio Vivo** — Este personagem não pode ser alvos de ações que reduzam seu ataque ou defesa.;Recorde Inquebrável;4;**Recorde Inquebrável** — Flanquear - Ignorar Defesa - esta ação causa 6 pontos de dano ao alvo.;"Patamar Sobre-humano no topo da faixa (Vida 10 de 8-10), o mais forte de Solar Comum. Passiva cobre baixa dependência de suporte (resiliência própria contra debuff de Atk). Ativa cobre Transpassar em sua forma mais extrema (Ignorar Defesa) com dano Divino (6, custo 3) — coerente com agressão crua e direta do tipo Físico. Efeito determinístico, sem Aposte.";personagem-bragan-o-recorde-imbativel-v1.png;"Atleta colossal e musculoso em pé no centro de uma arena lotada, punhos cerrados erguidos em pose de vitória, expressão serena e confiante, sem arrogância; corpo marcado por cicatrizes de treino honestas, roupas esportivas simples e funcionais sem ornamentação; ao fundo, arquibancadas de concreto claro e madeira lotadas de bandeirinhas de nações distintas tremulando em igualdade; luz de sol nórdico baixo e dourado iluminando-o de forma quase heroica mas terrena; paleta realista de dourado solene, cinza-concreto claro e azul-céu; linha de arte fotorrealista e naturalista, luz nórdica limpa, sensação de grandeza alcançada através de esforço honesto e reconhecido coletivamente. Proporção 1:1"
Ilenya do Sol a Pino;v1;Lendário Titãs Comunais;Físico;Magia;TecSci;9;6;Corpo Temperado;;"**Corpo Temperado** — Se este personagem for alvo de uma ação de combate, o dano daquela ação é reduzido em X/2, onde X é o custo daquela ação.";Golpe do Meio-Dia;3;**Golpe do Meio-Dia** — cause 5 pontos de dano ao alvo.;"Patamar Sobre-humano (Vida 9, base 8-10). Passiva cobre mitigação de dano de baixo custo, reforçando o corpo forjado pelo calor extremo. Ativa é dano Alto direto (5, custo 3), sem condicionais, coerente com a agressão crua do tipo. Efeito determinístico, sem Aposte.";personagem-ilenya-do-sol-a-pino-v1.png;"Atleta forte e bronzeada, postura ereta e imponente sob um sol a pino inclemente, suor visível escorrendo pelo corpo musculoso, expressão determinada e quase impassível ao calor extremo; roupas leves e práticas de treino, faixa simples na testa; ao fundo, uma pista de treino a céu aberto sem sombra alguma, ondas de calor visíveis distorcendo o ar sobre o chão; céu branco-ofuscante de tão claro; paleta realista de dourado-solar intenso, bronze-pele e branco-calor; linha de arte fotorrealista e naturalista, luz extremamente forte e direta, sensação de resistência física levada ao limite absoluto. Proporção 1:1"
Doran Punho-de-Nação;v1;Recordes Vivos;Físico;Magia;TecSci;6;3;Bandeira Tatuada;;"**Bandeira Tatuada** — Quando este personagem entra em jogo vindo da sua mão, coloque um token de AtkUp para cada personagem do tipo 🔴 em jogo.";Punho da Nação;2;**Punho da Nação** — Cause 3 pontos de dano ao alvo.;"Patamar Esportista (Vida 6, base 5-7). Passiva cobre Atk crescente por combate vencido (assinatura de Físico), em escala individual sem limite explícito de acúmulo por partida. Ativa é dano Médio direto e simples (3, custo 2). Efeito determinístico, sem Aposte.";personagem-doran-punho-de-nacao-v1.png;"Lutador atlético e confiante, punho erguido exibindo uma tatuagem detalhada de uma bandeira regional em tons vivos, postura de combate pronta, sorriso determinado; roupas de treino simples com as cores da própria bandeira bordadas na lateral; ao fundo, uma arena de treino ao ar livre com bandeirinhas de nações distintas penduradas em total igualdade ao redor; luz de tarde clara e nórdica; paleta realista de tons vivos da bandeira contra cinza-concreto claro e madeira natural; linha de arte fotorrealista e naturalista, composição orgulhosa e vibrante, sensação de representação regional dentro de um mundo igualitário. Proporção 1:1"
Mireia Passo-Rápido;v1;Recordes Vivos;Físico;Magia;TecSci;5;2;;;;Corrida Contra o Recorde;2;"**Corrida Contra o Recorde** — Cause 3 pontos de dano ao alvo. Se esta foi a única ação utilizada este turno, causa 4 pontos de dano ao invés de 3.";"Patamar Esportista (Vida 5, base 5-7). Sem passiva, ativa de dano Médio condicionado a ser o primeiro combate do turno (reforça velocidade/primazia), sem Debuffs ou efeitos indiretos — agressão direta característica de Físico. Efeito determinístico, sem Aposte.";personagem-mireia-passo-rapido-v1.png;"Corredora esguia e ágil em pleno sprint em uma pista de atletismo simples, cabelos presos esvoaçando para trás, expressão de foco absoluto, músculos das pernas tensos em movimento congelado; rastro de poeira leve levantada pelos pés; ao fundo, arquibancadas modestas e um placar eletrônico discreto marcando um novo recorde; luz de fim de tarde dourada e nórdica; paleta realista de dourado-tarde, cinza-pista clara e azul-céu suave; linha de arte fotorrealista e naturalista, composição dinâmica e veloz, sensação de recorde sendo quebrado em tempo real. Proporção 1:1"
"Kassian, o Escudo do Vale";v1;Recordes Vivos;Físico;Magia;TecSci;3;6;Guarda Invicta;;"**Guarda Invicta** — No fim da sua fase de limpeza, coloque 2 tokens de escudo neste personagem,";Bloqueio do Vale;2;**Bloqueio do Vale** — Cause 2 pontos de dano no personagem alvo. Coloquem 1 token de escudo neste personagem.;"Patamar Esportista com Defesa acima da média do tipo (Vida 6, Defesa 5 — a mais alta entre os Esportistas de Solar Comum), coerente com o perfil defensivo do personagem. Passiva reforça Escudo recorrente; ativa combina dano Baixo-Médio com ganho de Escudo. Efeito determinístico, sem Aposte.";personagem-kassian-o-escudo-do-vale-v1.png;"Guerreiro robusto e sólido como uma muralha, postura defensiva firme com braços cruzados protegendo o peito, expressão calma e inabalável, cicatrizes de combates defensivos bem cicatrizadas nos braços; roupas de treino reforçadas mas simples; ao fundo, o Vale da Têmpera com penhascos escuros e uma forja distante em atividade; luz fria e clara típica do norte; paleta realista de cinza-pedra, verde-musgo escuro e laranja-brasa distante; linha de arte fotorrealista e naturalista, composição estável e imponente, sensação de defesa inabalável forjada ao longo de uma carreira invicta. Proporção 1:1"
Yuna Sete-Vitórias;v1;Recordes Vivos;Físico;Magia;TecSci;6;3;;;;Sétima Vitória;2;**Sétima Vitória** — Cause 3 pontos de dano no personagem alvo.;"Patamar Esportista (Vida 5, base 5-7). Sem passiva, ativa de dano Médio direto e simples (3, custo 2), sem condicionais — perfil de agressão consistente sem efeitos indiretos, coerente com a assinatura de Físico. Efeito determinístico, sem Aposte.";personagem-yuna-sete-vitorias-v1.png;"Lutadora atlética exibindo sete pequenas medalhas simples penduradas em uma faixa sobre o peito, postura confiante e serena, sorriso discreto de quem já provou seu valor repetidamente; roupas de treino leves e práticas; ao fundo, um pequeno pódio regional modesto com bandeirinhas de diferentes vilas ao redor; luz de tarde clara; paleta realista de tons neutros de tecido esportivo, dourado-medalha fosco e cinza-pódio claro; linha de arte fotorrealista e naturalista, composição serena e vitoriosa sem exagero, sensação de consistência competitiva ao longo do tempo. Proporção 1:1"
Tomasz da Vila Nova;v1;Treinados do Povo;Físico;Magia;TecSci;4;2;;;;Golpe da Vila;2;**Golpe da Vila** — Cause 2 pontos de dano no personagem alvo. Sondar (1).;"Patamar Adulto no topo da faixa (Vida 4, base 3-4). Ativa de dano Médio modesto e direto (2, custo 2), sem passiva — coerente com ser o ponto de entrada narrativo de 'qualquer pessoa pode competir'. Efeito determinístico, sem Aposte.";personagem-tomasz-da-vila-nova-v1.png;"Atleta adulto comum e sorridente, físico bem treinado mas sem exagero, roupas simples de treino comunitário, treinando sozinho em uma pequena praça de vila ao entardecer; equipamento de treino básico e acessível ao redor — barras de madeira, pesos de pedra lapidada; ao fundo, casas simples e funcionais de uma vila nórdica típica de Solar Comum; luz dourada suave de fim de tarde; paleta realista de tons terrosos, madeira clara e dourado suave; linha de arte fotorrealista e naturalista, composição acolhedora e acessível, sensação de dignidade comum ao alcance de qualquer cidadão. Proporção 1:1"
Disciplina Comunal;v1;Treinados do Povo;Físico;Magia;TecSci;3;1;;;;Treino de Fim de Tarde;1;"**Treino de Fim de Tarde** — Cause 2 pontos de dano no personagem alvo.

Extinguir fonte (2) - Cause 2 pontos de dano adicionais no mesmo alvo.";"Patamar Adulto genérico (Vida 3, base 3-4). Ativa de dano Médio a custo mínimo (2, custo 1), coerente com personagem de tropa/populacional sem efeito de assinatura dedicado. Efeito determinístico, sem Aposte.";personagem-disciplina-comunal-v1.png;"Cidadão adulto comum treinando sozinho em uma arena de bairro simples ao entardecer, movimentos básicos mas consistentes, expressão de rotina tranquila e disciplinada; roupas de treino desgastadas pelo uso regular; ao fundo, uma arquibancada modesta vazia e prédios funcionais de bairro; luz suave de fim de tarde nórdico; paleta realista de cinza-concreto, madeira natural e dourado-tarde suave; linha de arte fotorrealista e naturalista, composição cotidiana e serena, sensação de rotina disciplinada sem pretensão de grandeza. Proporção 1:1"
Persistentes;v1;Treinados do Povo;Físico;Magia;TecSci;4;1;;;;Golpe Persistente;2;"**Golpe Persistente** — Cause 1 pontos de dano no personagem alvo.
Extinguir Fonte (1) - Coloque um token de DOT sobre o alvo.";"Patamar Adulto genérico no topo da faixa (Vida 4, base 3-4). Ativa de dano Médio modesto (2, custo 2), sem passiva, reforçando o perfil de persistência sem grande destaque mecânico. Efeito determinístico, sem Aposte.";personagem-persistentes-v1.png;"Atleta adulto de expressão cansada mas determinada, participando de um torneio regional modesto em uma arena pequena e simples, sem grande público, apenas alguns espectadores locais; roupas de treino gastas por muitas competições; ao fundo, uma pequena arquibancada de madeira com poucas bandeirinhas regionais; luz de tarde nublada mas ainda clara; paleta realista de tons neutros e cinza-nublado suave; linha de arte fotorrealista e naturalista, composição humilde e persistente, sensação de dedicação sem glamour. Proporção 1:1"
Trabalhador Solar;v1;Treinados do Povo;Físico;Magia;TecSci;3;2;;Golpe Após o Turno;"**Golpe Após o Turno** — No fim da sua fase de combate, coloque um token de DefUp no personagem alvo.";;;;"Patamar Adulto genérico (Vida 3, base 3-4). Ativa de dano Médio a custo mínimo (2, custo 1), reforçando a dupla vida de trabalho e treino sem prejuízo mecânico a nenhum dos dois. Efeito determinístico, sem Aposte.";personagem-trabalhador-solar-v1.png;"Trabalhador adulto de macacão simples de trabalho ainda vestido, treinando rapidamente em um espaço improvisado próximo ao local de trabalho antes do início do turno, expressão de determinação prática e sem tempo a perder; ferramentas de trabalho apoiadas próximas; ao fundo, uma oficina ou fábrica funcional e modesta típica de Solar Comum; luz de início de manhã fria e clara; paleta realista de azul-macacão, cinza-industrial claro e dourado-amanhecer suave; linha de arte fotorrealista e naturalista, composição prática e direta, sensação de disciplina encaixada na rotina de trabalho. Proporção 1:1"
Antiga Treinada;v1;Antiga Treinada - Treinados do Povo;Físico;Magia;TecSci;2;2;Respeito Conquistado;;**Respeito Conquistado** — Devoção (Ilenya do Sol a Pino) - Personagens 🔴 não tem fraqueza enquanto este persoangem estiver em jogo.;;;;"Patamar Adulto genérico no topo da faixa (Vida 4, base 3-4). Passiva de proteção contra Debuff de Defesa sem Ação Ativa, reforçando o respeito conquistado por décadas de participação, não por vitórias. Efeito determinístico, sem Aposte.";personagem-antiga-treinada-v1.png;"Mulher adulta mais velha, físico ainda robusto e postura firme de veterana de competições, expressão serena e respeitada, cicatrizes discretas de décadas de treino honesto; roupas de treino simples mas bem cuidadas, uma pequena coleção de fitas de participação (não de vitória) penduradas modestamente; ao fundo, uma arena local onde é claramente reconhecida por outros atletas mais jovens que a cumprimentam ao fundo; luz de tarde calorosa; paleta realista de tons terrosos suaves e dourado-respeito; linha de arte fotorrealista e naturalista, composição respeitosa e serena, sensação de dignidade conquistada pela constância, não pela glória. Proporção 1:1"
Elin do Mercado Central;v1;Populares;Físico;Magia;TecSci;2;1;;;;Força do Mercado;1;"**Força do Mercado** — Cause 1 ponto de dano no persoangem alvo.

Devoção (Bragan, o Recorde Imbatível) - Compre 2 cartas.";"Patamar Sedentário no topo da faixa (Vida 2, base 1-2), retrato do piso de vigor físico comum a todo cidadão de Solar Comum mesmo sem treino formal. Ativa de dano Baixo mínimo (1, custo 1). Efeito determinístico, sem Aposte.";personagem-elin-do-mercado-central-v1.png;"Mulher comum de meia-idade carregando sozinha, sem esforço aparente, uma caixa pesada de mercadorias em um mercado central movimentado, expressão tranquila e prestativa, sem nenhuma indicação de treino atlético formal; roupas cotidianas simples de trabalho no mercado; ao fundo, bancas coloridas e movimentadas de um mercado típico de Solar Comum; luz de meio-dia clara e viva; paleta realista de cores vivas das bancas contra tons neutros de roupas cotidianas; linha de arte fotorrealista e naturalista, composição cotidiana e acolhedora, sensação de força discreta como traço comum, não excepcional. Proporção 1:1"
Comerciante do Bairro;v1;Populares;Físico;Magia;TecSci;1;0;;;;Carga do Bairro;1;"**Carga do Bairro** — Cause 1 ponto de dano ao alvo.

Devoção (Elin do Mercado Central) - Compre 1 carta.";"Patamar Sedentário genérico na base da faixa (Vida 1, mínimo 1-2). Ativa de dano Baixo mínimo (1, custo 1), coerente com personagem de tropa/populacional. Efeito determinístico, sem Aposte.";personagem-comerciante-do-bairro-v1.png;"Comerciante de bairro de meia-idade, avental simples de trabalho, carregando sozinho um carrinho pesado carregado de mercadorias por uma rua estreita de bairro, expressão tranquila e habituada ao esforço; ao fundo, fachadas modestas de lojas de bairro típicas de Solar Comum; luz de manhã clara; paleta realista de tons neutros de tecido de trabalho e madeira de carrinho; linha de arte fotorrealista e naturalista, composição cotidiana e prática, sensação de vigor físico como parte do dia a dia comum. Proporção 1:1"
Visitante da Praça;v1;Visitante da Praça - Populares;Físico;Magia;TecSci;2;0;;;;Empurrão da Praça;1;**Empurrão da Praça** — Flanquear - Causa 1 ponto de dano no personagem alvo.;"Patamar Sedentário genérico no topo da faixa (Vida 2, base 1-2). Ativa de dano Baixo mínimo (1, custo 1), reforçando o piso de vigor físico coletivo do mundo. Efeito determinístico, sem Aposte.";personagem-visitante-da-praca-v1.png;"Jovem adulto comum caminhando tranquilamente pela Praça Comum movimentada, expressão despreocupada e saudável, físico naturalmente robusto sem indicação de treino formal; roupas cotidianas simples e confortáveis; ao fundo, bandeirinhas de nações distintas tremulando ao redor da praça em total igualdade; luz de tarde clara e nórdica; paleta realista de cinza-claro da praça, madeira natural e cores vivas das bandeiras; linha de arte fotorrealista e naturalista, composição tranquila e cotidiana, sensação de vigor físico compartilhado por todos os cidadãos. Proporção 1:1"
Familiar Comum;v1;Familiar Comum - Populares;Físico;Magia;TecSci;1;1;Cuidado Constante;;"**Cuidado Constante** — Ao entrar em jogo, coloque um token de Sobrebura sobre cada personagem que você controlar.";;;;"Patamar Sedentário genérico na base da faixa (Vida 1, mínimo 1-2). Passiva de cura pontual única por partida sem Ação Ativa, incomum para Físico mas coerente com o papel doméstico e comunitário do personagem. Efeito determinístico, sem Aposte.";personagem-familiar-comum-v1.png;"Pessoa adulta comum cuidando gentilmente de uma criança pequena e indistinta em um quintal simples de bairro, expressão calorosa e protetora, físico saudável mas sem qualquer indicação de treino atlético; ao fundo, casas modestas e funcionais de vizinhança típica de Solar Comum; luz suave de fim de tarde doméstica; paleta realista de tons quentes e acolhedores, madeira clara e verde-quintal suave; linha de arte fotorrealista e naturalista, composição doméstica e terna, sensação de força cotidiana aplicada ao cuidado, não ao combate. Proporção 1:1"
Manualidade e Esmero;v1;Manualidade e Esmero - Populares;Físico;Magia;TecSci;2;1;;;;Golpe do Ofício;2;"**Golpe do Ofício** — Escolha dois dos efeitos abaixo: 
- Cause 1 ponto de dano ao alvo;
- Compre 1 carta;
- Coloque 1 token de AtkUp no personagem Alvo;
- Coloque 1 token de AtkDown no personagem Alvo.";"Patamar Sedentário genérico no topo da faixa (Vida 2, base 1-2). Ativa de dano Baixo mínimo (1, custo 1), coerente com personagem de tropa/populacional representando um ofício manual comum. Efeito determinístico, sem Aposte.";personagem-manualidade-e-esmero-v1.png;"Casal de trabalhadores manuais de meia-idade lado a lado em uma oficina simples e organizada, um lixando madeira e outro ajustando uma ferramenta, expressão de rotina satisfeita e parceria de longa data; roupas de trabalho simples e desgastadas com esmero; ao fundo, uma oficina modesta típica de Solar Comum, ferramentas bem cuidadas penduradas em ordem; luz suave de fim de tarde entrando por uma janela; paleta realista de madeira clara, tons terrosos e dourado suave; linha de arte fotorrealista e naturalista, composição colaborativa e serena, sensação de dignidade no trabalho manual comum. Proporção 1:1"
"Zaphiel, a Coroa Suspensa";v1;Épico Coroa;Divino;;;12;8;Presença Decisiva;;**Presença Decisiva** — Imune a Debuffs - Imune à Perdição. Este personagem poderá receber tokens de efeitos causados por ele mesmo.;Juízo Silencioso;5;"**Juízo Silencioso** — Aposte (2): se ganhar, cause 8 pontos de dano ao personagem alvo e recebe um token de Silêncio; se perder, este personagem recebe 5 tokens de DefDown.";"Único Divino do Destacamento Interregno (Vida 12, topo da faixa 11-12). Passiva cobre imunidades amplas em grande escala. Ativa usa Aposte (2) com efeito de grande escala situacional (dano Divino + Silêncio de ação) e custo alto em Vida própria no caso de derrota — cobre 3 das 4 palavras-chave de assinatura de Divino simultaneamente, coerente com ser o ápice do patamar. Uma das poucas cartas com Aposte no tipo, reservada ao personagem mais decisivo.";personagem-zaphiel-a-coroa-suspensa-v1.png;"Entidade angelical majestosa e imóvel, flutuando serenamente acima de um jardim suspenso entre nuvens densas, envolta em um manto translúcido de penas brancas e douradas que não se movem apesar do vento; rosto sereno e enigmático, quase sem expressão definida, olhos fechados ou totalmente brancos; uma coroa fina e luminosa paira alguns centímetros acima de sua cabeça, nunca tocando-a diretamente, suspensa por vontade própria; incontáveis penas soltas flutuam ao redor como um véu constante; ao fundo, o Jardim do Véu das Plumas em tons perolados e dourados envelhecidos; luz suave e sem sombra definida, vinda de nenhum ponto específico; paleta de branco-perolado, dourado suave antigo e azul-etéreo pálido; linha de arte inspirada na Estação das Brumas — atmosfera contemplativa e melancólica, beleza desgastada pelo tempo suspenso, presença mais silenciosa que triunfante. Proporção 1:1"
"Ishmael, o Último Serafim";v1;Lendário Vozes Finais;Divino;;;9;7;Palavra Rara;;"**Palavra Rara** — Quando este personagem entrar em jogo, coloque 3 tokens de Sobrevida sobre ele.";Profecia do Juízo;3;"**Profecia do Juízo** — Cause 4 pontos de dano ao personagem alvo. Se um persoangem foi nocauteado no turno passado, este ataque causa 5 pontos de dano ao invés de 4.";"Patamar Sobre-humano no topo da faixa (Vida 9 de 8-10). Passiva cobre Sobrevida/cura pontual rara (uso único por partida), reforçando a raridade de suas intervenções. Ativa cobre efeito de grande escala condicionado a evento raro (morte de aliado). Efeito determinístico, sem Aposte.";personagem-ishmael-o-ultimo-serafim-v1.png;"Anjo ancião e imponente, seis asas parcialmente dobradas ao redor do corpo como um casulo protetor, rosto quase sempre coberto por um véu fino exceto os olhos profundos e antigos; postura ereta mas cansada, como quem carrega o peso de eras de silêncio; penas douradas e brancas descoladas flutuam ao seu redor lentamente; ao fundo, o Jardim do Véu das Plumas envolto em névoa espessa; luz suave e difusa; paleta de dourado envelhecido, branco-perolado e cinza-névoa; linha de arte inspirada na Estação das Brumas — atmosfera solene e melancólica, sensação de sabedoria acumulada e silêncio quase sagrado. Proporção 1:1"
Aurelith das Asas Partidas;v1;Lendário Vozes Finais;Divino;;;8;6;Marca da Intervenção;;"**Marca da Intervenção** — Sempre que um personagem que você controla receber dano fatal, coloque este personagem na sua pilha de descarte para previnir todo o dano e efeitos da ações que foi alvo. Esta ação não conta como um nocaute.";Voo Incompleto;3;"**Voo Incompleto** — Aposte (1): se ganhar, cause 4 pontos de dano ao personagem alvo e coloque 2 tokens de Sobrevida sobre este personagem; se perder, cause 2 pontos de dano ao alvo.";"Patamar Sobre-humano (Vida 8, base 8-10). Passiva cobre Sobrevida/negação de morte em uso único e permanente (alto impacto, mas descartável). Ativa usa Aposte (1), reforçando a instabilidade física da personagem após a Fratura. Uma das ~3-5 cartas com Aposte do tipo Divino.";personagem-aurelith-das-asas-partidas-v1.png;"Anja guerreira de expressão determinada, uma das asas visivelmente incompleta e assimétrica, penas faltando em padrões irregulares que revelam cicatrizes antigas por baixo; postura de proteção, um braço estendido como se ainda protegesse alguém invisível; penas soltas da asa danificada flutuam lentamente ao seu redor; ao fundo, o Jardim do Véu das Plumas com vestígios de uma antiga intervenção — pedras levemente rachadas; luz suave mas com um leve brilho dourado mais intenso ao redor da asa ferida; paleta de branco-perolado, dourado intenso na cicatriz e cinza-névoa; linha de arte inspirada na Estação das Brumas — atmosfera de sacrifício silencioso, beleza marcada pela própria proteção que ofereceu. Proporção 1:1"
"Cassiel, Voz do Juízo";v1;Lendário Vozes Finais;Divino;;;8;6;;;;Julgamento Ativo;3;"**Julgamento Ativo** — Aposte (1): se ganhar, se o personagem alvo sofreu dano este turno, nocautei-o. Esta ação causa 3 pontos de dano no alvo.";"Patamar Sobre-humano (Vida 8, base 8-10). Sem passiva, ativa cobre efeito de grande escala situacional (execução condicionada a Vida baixa) via Aposte (1), reforçando o contraste de Cassiel com o resto do destacamento mais contemplativo. Uma das ~3-5 cartas com Aposte do tipo Divino.";personagem-cassiel-voz-do-juizo-v1.png;"Anjo de postura rígida e olhar penetrante, asas eretas e tensas em vez de relaxadas como as dos outros do destacamento, uma mão erguida em gesto de julgamento definitivo; expressão severa, contrastando com a serenidade contemplativa típica do Destacamento Interregno; penas mais escuras nas pontas, quase acinzentadas, diferenciando-o visualmente dos demais; ao fundo, o Jardim do Véu das Plumas com uma luz mais fria e direta caindo sobre ele especificamente; paleta de branco-perolado com acentos de cinza-escuro e dourado frio; linha de arte inspirada na Estação das Brumas, mas com uma tensão visual maior — sensação de dissidência silenciosa dentro de um grupo contemplativo. Proporção 1:1"
Rafiel Mão-Que-Protege;v1;Mãos;Divino;;;6;4;Intervenção Contrária;;"**Intervenção Contrária** — Uma vez por turno, Aposte (5)  - Coloque um token de Reviver no personagem alvo.";Mão Protetora;2;**Mão Protetora** — Flanquear - Coloque 3 tokens de Sobrevida no personagem alvo.;"Patamar Esportista no topo da faixa (Vida 6, base 5-7). Passiva cobre Sobrevida/negação de morte em sua forma mais direta (uso único por partida). Ativa reforça Sobrevida em escala menor e recorrente. Efeito determinístico, sem Aposte.";personagem-rafiel-mao-que-protege-v1.png;"Anjo jovem e ágil em pleno movimento de proteção, braços estendidos à frente de uma silhueta indistinta e menor, como se a escudasse fisicamente, expressão de urgência e determinação; asas parcialmente abertas em posição defensiva; penas brancas se agitando pelo movimento brusco; ao fundo, o Jardim do Véu das Plumas com uma luz mais quente e imediata, contrastando com a serenidade usual do lugar; paleta de branco-perolado, dourado quente e um leve brilho azulado protetor ao redor das mãos; linha de arte inspirada na Estação das Brumas, mas com mais dinamismo e urgência que o padrão contemplativo do tipo. Proporção 1:1"
Sarien Mão-Que-Julga;v1;Mãos;Divino;;;6;4;;;;Julgamento da Mão;2;"**Julgamento da Mão** — Cause 3 pontos de dano ao alvo.

Devoção (Ishmael, o Último Serafim) - Esta ação causa 5 pontos de dano ao invés de 3.";"Patamar Esportista (Vida 6, base 5-7). Sem passiva, ativa de dano Médio direto (3, custo 2), contrastando deliberadamente com Rafiel dentro da mesma categoria Mãos. Efeito determinístico, sem Aposte.";personagem-sarien-mao-que-julga-v1.png;"Anjo de expressão severa e postura ereta, punho fechado erguido em gesto de julgamento, asas rígidas e eretas atrás do corpo; contraste visual proposital com uma silhueta mais suave ao fundo, sugerindo o contraponto com outro membro do destacamento; penas mais escuras e ordenadas; ao fundo, o Jardim do Véu das Plumas sob uma luz mais fria e direta; paleta de branco-perolado com acentos de cinza-metálico frio; linha de arte inspirada na Estação das Brumas, com tensão visual reforçada por uma iluminação mais dura que o padrão contemplativo do tipo. Proporção 1:1"
Tobiah das Mãos Vazias;v1;Mãos;Divino;;;4;2;Ação à Distância;;"**Ação à Distância** — Devoção (Zaphiel, a Coroa Suspensa) - Se você nocautear um persoangem de seu oponente, ele deverá extinguir recursos de sua mão até ficar com 3 cartas.";;;;"Patamar Esportista (Vida 5, base 5-7). Passiva cobre efeito de grande escala situacional (isenção de custo de outro personagem), sem Ação Ativa própria — coerente com a incapacidade física do personagem de agir diretamente. Efeito determinístico, sem Aposte.";personagem-tobiah-das-maos-vazias-v1.png;"Anjo etéreo e semitransparente, mãos visivelmente incorpóreas e levemente desfocadas como fumaça densa, expressão serena mas distante, quase resignada; postura passiva, observando ao invés de agir diretamente; asas parcialmente translúcidas, deixando ver através delas; ao fundo, o Jardim do Véu das Plumas com uma névoa mais espessa envolvendo-o quase por completo; paleta de branco-perolado quase transparente, azul-etéreo pálido e cinza-névoa denso; linha de arte inspirada na Estação das Brumas, com maior transparência e dissolução visual, sensação de existência quase incorpórea. Proporção 1:1"
"Marel, Mão da Sentença";v1;Mãos;Divino;;;6;3;;;;Execução da Sentença;2;"**Execução da Sentença** — Cause 3 pontos de dano ao alvo. 

Devoção (Aurelith das Asas Partidas) - Se o personagem alvo, estiver com um token de Debuff, coloque um token de Perdição sobre ele.";"Patamar Esportista (Vida 6, base 5-7). Sem passiva, ativa de dano Médio direto e simples (3, custo 2), reforçando o papel de executor sem iniciativa própria. Efeito determinístico, sem Aposte.";personagem-marel-mao-da-sentenca-v1.png;"Anjo de expressão neutra e disciplinada, movimento preciso e mecânico ao desferir um golpe, sem emoção aparente no rosto, como quem cumpre uma ordem já dada; asas em posição funcional, sem drama; penas brancas ordenadas e uniformes; ao fundo, o Jardim do Véu das Plumas em luz neutra e equilibrada; paleta de branco-perolado e dourado neutro; linha de arte inspirada na Estação das Brumas, com composição mais funcional e menos contemplativa, sensação de dever cumprido sem questionamento. Proporção 1:1"
Nuriel Mão-Serena;v1;Mãos;Divino;;;5;4;Busca pelo Equilíbrio;;"**Busca pelo Equilíbrio** — Uma vez por turno, coloque um token de sobrevida sobre o persoangem alvo.";;;;"Patamar Esportista (Vida 5, base 5-7). Passiva cobre Cura/Sobrevida modesta e recorrente, sem Ação Ativa — reforça o perfil de equilíbrio e não-intervenção do personagem. Efeito determinístico, sem Aposte.";personagem-nuriel-mao-serena-v1.png;"Anjo de expressão suave e ponderada, mãos unidas em gesto contemplativo à frente do corpo, asas relaxadas e simétricas, postura de quem busca sempre o meio-termo; penas em tons uniformes e calmos; ao fundo, o Jardim do Véu das Plumas em sua forma mais serena e equilibrada, luz difusa e uniforme; paleta de branco-perolado, dourado suave e azul-etéreo calmo; linha de arte inspirada na Estação das Brumas, composição perfeitamente simétrica e serena, sensação de equilíbrio deliberado e busca por paz. Proporção 1:1"
"Petra, Sentinela do Primeiro Portão";v1;Sentinelas;Divino;;;4;3;Vigília Permanente;;"**Vigília Permanente** — No fim de sua fase de limpeza, coloque um token de Escudo no persoangem alvo.";Ordem de Comando;2;"**Ordem de Comando** — Cause 2 pontos de dano ao alvo.  

Devoção (Sentinelas) - Este ataque recebe Alvos Múltiplos (X) onde X é o número de personagens na categoria Sentinelas em jogo.";"Patamar Adulto no topo da faixa (Vida 4, base 3-4). Passiva de Escudo recorrente sem Ação Ativa, coerente com o papel estático e vigilante de sentinela de portão. Efeito determinístico, sem Aposte.";personagem-petra-sentinela-do-primeiro-portao-v1.png;"Anjo sentinela imóvel postado diante de um portão etéreo e luminoso entre nuvens densas, postura rígida de vigília eterna, lança simples de luz branca segurada verticalmente; expressão vazia mas atenta, olhos fixos no horizonte; asas fechadas e discretas nas costas; ao fundo, o primeiro dos portões do Destacamento Interregno, brumas se movendo lentamente ao redor; luz difusa e constante; paleta de branco-perolado, dourado pálido e azul-névoa; linha de arte inspirada na Estação das Brumas, composição estática e solene, sensação de dever permanente e solidão vigilante. Proporção 1:1"
"Auroruum, Sentinela do Segundo Portão";v1;Sentinelas;Divino;;;3;3;;;;Observação Silenciosa;1;"**Observação Silenciosa** — Cause 2 pontos de dano ao alvo.

Devoção (🔴) - Este ataque causa 4 pontos de dano ao inés de 2.";"Patamar Adulto genérico (Vida 3, base 3-4). Sem passiva, ativa de dano Médio a custo mínimo (2, custo 1). Efeito determinístico, sem Aposte.";personagem-auroruum-sentinela-do-segundo-portao-v1.png;"Anjo sentinela parado nas bordas nebulosas entre o Destacamento Interregno e o mundo de Solar Comum, observando ao longe uma paisagem indistinta de campos e arenas abaixo das nuvens; postura discreta e quase invisível, asas dobradas rente ao corpo; luz suave misturando o dourado nórdico distante com a bruma etérea do Interregno; paleta de branco-perolado, dourado-solar distante e azul-névoa; linha de arte inspirada na Estação das Brumas, composição de fronteira entre dois mundos, sensação de observação distante e discreta. Proporção 1:1"
"Derileun, Sentinela do Terceiro Portão";v1;Sentinelas;Divino;;;3;3;;;;Vigília da Detritônia;1;"**Vigília da Detritônia** — Cause 2 pontos de dano ao alvo.

Devoção (🟢) - Reaproveitar Recursos (1).";"Patamar Adulto no topo da faixa (Vida 4, base 3-4). Sem passiva, ativa de dano Médio modesto (2, custo 2). Efeito determinístico, sem Aposte.";personagem-derileun-sentinela-do-terceiro-portao-v1.png;"Anjo sentinela observando com curiosidade discreta a paisagem industrial e caótica da Detritônia ao longe, das bordas nebulosas do Interregno, postura menos rígida que os outros sentinelas, quase inclinado para frente com interesse; penas levemente sujas de fuligem, sinal de proximidade não usual com o mundo observado; luz mesclando o dourado etéreo do Interregno com o laranja industrial distante da Detritônia; paleta de branco-perolado, laranja-fagulha distante e cinza-industrial; linha de arte inspirada na Estação das Brumas com toques do tecno-misticismo de Kirby ao fundo, sensação de curiosidade incomum dentro do dever vigilante. Proporção 1:1"
"Guarda, Sentinela do Quarto Portão";v1;Sentinelas;Divino;;;3;3;;;;Admiração Silenciosa;1;"**Admiração Silenciosa** — Cause 2 pontos de dano ao alvo.  

Devoção (🔵) - Sondar (2).";"Patamar Adulto genérico (Vida 3, base 3-4). Passiva cobre Clarividência/Prever em escala mínima (uso único), referência à influência que Silenteia exerceu sobre este sentinela específico. Efeito determinístico, sem Aposte.";personagem-guarda-sentinela-do-quarto-portao-v1.png;"Anjo sentinela postado silenciosamente na entrada de um templo de areia compactada em Silenteia, postura contemplativa em vez de puramente vigilante, olhos fechados como os monges que observa; asas dobradas com respeito, quase imitando a quietude do lugar; luz dourada do deserto misturada com a bruma etérea característica do Interregno; paleta de branco-perolado, dourado-deserto e azul-névoa suave; linha de arte inspirada na Estação das Brumas com influência visual sutil do estilo Moebius ao fundo, sensação de reverência aprendida através da observação prolongada. Proporção 1:1"
"Ovel, Pluma Recém-Pousada";v1;Plumas;Divino;;;2;1;;;;Primeiro Voo Incerto;1;"**Primeiro Voo Incerto** — Cause 1 ponto de dano ao alvo.

Aposte (2) - Se ganhar a aposta, este ataque causa 2 pontos de dano ao invés de 1; se perder, esta ação causa 1 pontos de dano neste personagem.";"Patamar Sedentário no topo da faixa (Vida 2, base 1-2), o mais novo do Destacamento Interregno introduzido no set. Ativa de dano Baixo mínimo (1, custo 1) — ponto de entrada narrativo para evolução futura. Efeito determinístico, sem Aposte.";personagem-ovel-pluma-recem-pousada-v1.png;"Jovem anjo recém-chegado, asas ainda desproporcionais e desajeitadas para o corpo pequeno, expressão confusa e curiosa observando ao redor pela primeira vez, penas ainda desalinhadas e crescendo; postura insegura, quase pronta para o voo mas hesitante; ao fundo, o Jardim do Véu das Plumas visto com olhos de quem acabou de chegar, névoa suave ao redor; luz suave e acolhedora; paleta de branco-perolado claro, dourado tênue e azul-pastel; linha de arte inspirada na Estação das Brumas, composição terna e vulnerável, sensação de chegada recente e incerteza sobre o futuro. Proporção 1:1"
Pluma Branca;v1;Plumas;Divino;;;1;0;;;;Toque de Pluma;1;**Toque de Pluma** — Coloque um token de Sobrevida no persaongem alvo.;"Patamar Sedentário genérico na base da faixa (Vida 1, mínimo 1-2). Ativa cobre Cura/Sobrevida modesta em escala mínima (1 ponto, custo 1), coerente com a chegada recente e ainda passiva do personagem. Efeito determinístico, sem Aposte.";personagem-pluma-branca-v1.png;"Anjo muito jovem e etéreo, quase completamente translúcido, observando de uma distância segura o movimento do Jardim do Véu das Plumas, uma pena solitária e branca pousando suavemente em sua mão estendida; expressão de aprendizado silencioso e cautela; penas ainda incompletas nas asas pequenas; luz suave e difusa; paleta de branco quase transparente, azul-pastel suave e dourado tênue; linha de arte inspirada na Estação das Brumas, composição extremamente delicada e etérea, sensação de presença recém-formada e frágil. Proporção 1:1"
Pena Perdida;v1;Plumas;Divino;;;2;1;;;;Rumo Incerto;1;**Rumo Incerto** — Causa 1 ponto de dano no alvo.;"Patamar Sedentário genérico no topo da faixa (Vida 2, base 1-2). Ativa de dano Baixo mínimo (1, custo 1), reforçando a condição de deslocamento e desorientação do personagem. Efeito determinístico, sem Aposte.";personagem-pena-perdida-v1.png;"Anjo pequeno e desorientado pousado em uma praça ensolarada de Solar Comum, claramente fora de seu ambiente natural etéreo, olhando ao redor com confusão gentil; asas levemente desalinhadas do resto do corpo, penas soltas caindo ocasionalmente; contraste visual entre a figura etérea e o ambiente sólido e nórdico ao fundo; luz de sol direto e brilhante, muito diferente da penumbra usual do Interregno; paleta de branco-perolado contra dourado-solar vívido e cinza-concreto claro; linha de arte misturando a estética da Estação das Brumas com o realismo nórdico de Solar Comum ao fundo, sensação de deslocamento gentil e acolhedor. Proporção 1:1"
"Or'Kaath, a Última Estrela";v1;Épico A Última Estrela;Cósmico;;;12;7;Distorção Constante;;"**Distorção Constante** — Enquanto este personagem estiver em jogo, todas suas ações de combate causam Dano Penetrante.";Vontade de Voltar a Dormir;5;"**Vontade de Voltar a Dormir** — Aposte (2): se ganhar, cause 9 pontos de dano ao alvo e 3 pontos de dano a todos os outros personagens em jogo, incluindo os seus; se perder, cause 4 pontos de dano ao alvo e embaralhe este personagem em seu deck.";"Única Divino/Divino-equivalente da Astraca Primordial (Vida 12, topo da faixa 11-12). Passiva reforça a natureza avassaladora do dano da entidade. Ativa usa Aposte (2) com dano em área extremo e recoil severo no caso de derrota — cobre simultaneamente alvos múltiplos/dano em área e recoil, coerente com ser o 'finalizador' máximo do set. Uma das poucas cartas com Aposte do tipo, reservada à entidade mais decisiva.";personagem-orkaath-a-ultima-estrela-v1.png;"Entidade cósmica colossal e quase abstrata, forma vagamente humanoide mas constantemente se desfazendo em fragmentos de luz estelar e vazio negro absoluto, contornos que se distorcem e se recompõem a cada instante; ao redor dela, o próprio espaço se curva visivelmente, estrelas próximas sendo puxadas em espirais de distorção gravitacional; pontilhado granular de energia cósmica cobrindo partes do corpo, no estilo 'Kirby Krackle'; formas geométricas sólidas flutuando ao redor como destroços de constelações inteiras; fundo de vácuo profundo rasgado por fissuras de luz pura; paleta de roxo profundo, preto absoluto e branco-plasma ofuscante; linha de arte no estilo do Quarto Mundo de Kirby — escala verdadeiramente cósmica e mítica, formas titânicas e ameaçadoras, sensação de poder ancestral relutante e catastrófico. Proporção 1:1"
"Nyx-Vahl, o Titã em Ruínas";v1;Lendário Vastidão Titânica;Cósmico;;;9;7;Rachaduras Abertas;;"**Rachaduras Abertas** — Sempre que este personagem causar dano a outro personagem, ele também sofrerá esta mesma quantidade de dano.";Colapso Parcial;1;"**Colapso Parcial** — Ação Única - Ataque Expansível (2) - cause 4 pontos de dano ao alvo.

Extinguir Fonte (X) - Alvos Múltiplos (X).";"Patamar Sobre-humano no topo da faixa (Vida 9 de 8-10). Passiva cobre recoil (assinatura de Cósmico) em toda ação de dano. Ativa cobre ataque expansível clássico. Efeito determinístico, sem Aposte.";personagem-nyx-vahl-o-titan-em-ruinas-v1.png;"Titã cósmico colossal e fragmentado, corpo de pedra estelar escura com rachaduras profundas e luminosas por onde escapa energia azul-violeta em jatos constantes, como se estivesse permanentemente se despedaçando sem nunca desmoronar por completo; postura curvada e pesada, cada movimento parecendo custar esforço imenso; pontilhado granular de energia cósmica visível nas rachaduras, no estilo 'Kirby Krackle'; ao redor, fragmentos menores de rocha estelar orbitam lentamente seu corpo; fundo de vácuo estrelado profundo; paleta de cinza-estelar escuro, roxo-rachadura intenso e azul-elétrico; linha de arte no estilo do Quarto Mundo de Kirby, formas titânicas e pesadas, sensação de poder colossal em constante autodestruição controlada. Proporção 1:1"
Threnody das Órbitas Partidas;v1;Lendário Vastidão Titânica;Cósmico;;;8;6;;;;Comando dos Fragmentos;4;**Comando dos Fragmentos** — Alvos Múltiplos (2) — Esta ação causa 3 pontos de dano.;"Patamar Sobre-humano (Vida 8, base 8-10). Sem passiva, ativa cobre alvos múltiplos/dano em área (assinatura de Cósmico) em escala moderada. Efeito determinístico, sem Aposte.";personagem-threnody-das-orbitas-partidas-v1.png;"Entidade cósmica regal e fragmentada, remanescente de uma antiga soberana estelar, corpo parcialmente formado por rocha estelar e parcialmente por energia pura flutuante, uma coroa quebrada de anéis planetários orbitando incompletamente ao redor de sua cabeça; postura ainda imponente apesar da decadência física, gesto de comando com o braço estendido; pequenos fragmentos menores de sua antiga corte orbitam próximos, alguns apagados e inertes; fundo de vácuo estrelado com órbitas visíveis e quebradas; paleta de roxo-real profundo, dourado-estelar desbotado e azul-cósmico; linha de arte no estilo do Quarto Mundo de Kirby, composição regal mas fragmentada, sensação de comando decadente sobre um domínio que já foi vasto. Proporção 1:1"
"Ur'Kelemn, o Peso do Vácuo";v1;Lendário Vastidão Titânica;Cósmico;;;9;8;Gravidade Distorcida;;"**Gravidade Distorcida** — No fim da sua fase de limpeza, coloque um token de DefDown no personagem alvo.";Peso Esmagador;6;**Peso Esmagador** — Ignorar Defesa - cause 5 pontos de dano ao alvo.;"Patamar Sobre-humano no topo da faixa (Vida 9, Defesa 8 — a mais alta do tipo), coerente com ser descrito como denso e antigo. Passiva cobre distorção de área contínua (debuff passivo de Defesa). Ativa cobre Transpassar/dano desproporcional. Efeito determinístico, sem Aposte.";personagem-urkelemn-o-peso-do-vacuo-v1.png;"Entidade cósmica extremamente densa e maciça, corpo de rocha estelar negra compactada com uma gravidade visível distorcendo o espaço ao redor, pequenos destroços e poeira estelar sendo puxados lentamente em sua direção como um pequeno buraco negro contido; postura quase imóvel, uma imensidão quieta e pesada; pontilhado granular de energia cósmica ao redor das bordas do corpo; fundo de vácuo profundo com estrelas visivelmente curvadas ao redor de sua presença; paleta de preto-absoluto, roxo-gravitacional profundo e um leve brilho branco-plasma nas bordas distorcidas; linha de arte no estilo do Quarto Mundo de Kirby, composição estática e monumental, sensação de peso e densidade quase inconcebíveis. Proporção 1:1"
Skarn da Fúria Acordada;v1;Tempestades Primordiais;Cósmico;;;6;3;Rachaduras Abertas;;"**Rachaduras Abertas** — Sempre que este personagem causar dano a outro personagem, ele também sofrerá esta mesma quantidade de dano.";Fúria do Despertar;2;"**Fúria do Despertar** — cause 4 pontos de dano ao personagem alvo.

Devoção (Nyx-Vahl, o Titã em Ruínas) - Este personagem recebe Imunidade à Ações Passivas (incluindo a sua própria).";"Patamar Esportista (Vida 6, base 5-7). Passiva cobre recoil em toda ação de dano, reforçando a raiva autodestrutiva do personagem. Ativa é dano Alto direto e simples (4, custo 2), coerente com pouca sutileza. Efeito determinístico, sem Aposte.";personagem-skarn-da-furia-acordada-v1.png;"Fragmento cósmico menor mas extremamente agressivo, forma humanoide angular composta de rocha estelar rachada e energia vermelho-arroxeada crepitante, punhos cerrados e postura de combate constante, como se nunca tivesse se acalmado desde o despertar; rachaduras luminosas pulsando com raiva visível pelo corpo; pontilhado granular de energia cósmica nas bordas, no estilo 'Kirby Krackle'; fundo de vácuo estrelado com pequenas explosões distantes; paleta de vermelho-cósmico intenso, roxo-rachadura e preto profundo; linha de arte no estilo do Quarto Mundo de Kirby, composição tensa e agressiva, sensação de fúria contida que nunca se dissipou completamente. Proporção 1:1"
"Vellithra, Tempestade sem Nome";v1;Tempestades Primordiais;Cósmico;;;5;2;;;;Recusa de Nome;2;"**Recusa de Nome** — Tipo Mutável (Cósmico) — cause 3 pontos de dano ao personagem alvo.

Devoção (Or'Kaath, a Última Estrela) - O controlador deste personagem poderá escolher qual o tipo para Tipo Mutável desta ação.";"Patamar Esportista (Vida 5, base 5-7). Sem passiva, ativa cobre Devoção/alteração de tipo (assinatura de Cósmico) via Tipo Mutável. Efeito determinístico, sem Aposte.";personagem-vellithra-tempestade-sem-nome-v1.png;"Entidade cósmica esguia e instável, forma constantemente mutável entre humanoide e nuvem de energia pura, sem contornos fixos ou definidos, como se recusasse até a própria forma; energia violeta e azul-elétrica se movendo em padrões imprevisíveis ao redor do que seria seu rosto; pontilhado granular de energia cósmica cobrindo partes translúcidas do corpo; fundo de vácuo com uma pequena tempestade estelar localizada ao seu redor, relâmpagos cósmicos silenciosos; paleta de azul-violeta profundo, branco-plasma e preto-vácuo; linha de arte no estilo do Quarto Mundo de Kirby, composição fluida e instável, sensação de identidade recusada e forma em eterna mudança. Proporção 1:1"
"Draug-Nol, o Colapso Ambulante";v1;"Draug-Nol, o Colapso Ambulante - Tempestades Primordiais";Cósmico;;;6;2;Instabilidade Residual;;"**Instabilidade Residual** — No início do combate, este personagem causa 1 ponto de dano ao personagem principal do oponente alvo.";Golpe Instável;2;"**Golpe Instável** — Cause 3 pontos de dano ao alvo. 

Aposte (3) - Se ganhar, esta ação causa 1 ponto de dano a mais para cada cara. Se perder, esta ação causa 1 ponto de dano a menos para cada coroa.";"Patamar Esportista (Vida 6, base 5-7). Passiva cobre dano contínuo de área reduzida (rastro de instabilidade), reforçando a ferida que nunca fecha. Ativa é dano Médio simples (3, custo 2). Efeito determinístico, sem Aposte.";personagem-draug-nol-o-colapso-ambulante-v1.png;"Fragmento cósmico que se move deixando um rastro visível de espaço distorcido e rachado atrás de si, como uma ferida na própria realidade que não cicatriza; forma humanoide alongada e instável, contornos tremulando levemente a cada passo; pequenas fissuras de luz acompanham cada pegada deixada para trás; pontilhado granular de energia cósmica ao longo do rastro; fundo de vácuo estrelado com o rastro de instabilidade se estendendo por uma boa distância atrás da figura; paleta de roxo-instável, preto-rachadura e um brilho branco-azulado no rastro; linha de arte no estilo do Quarto Mundo de Kirby, composição de movimento contínuo e dano residual, sensação de dano que persiste mesmo após a passagem. Proporção 1:1"
Ashkar das Marés Estelares;v1;Tempestades Primordiais;Cósmico;;;5;3;;;;Maré Imprevisível;2;**Maré Imprevisível** — Ataque Expansível (1) — cause 2 pontos de dano ao alvo.;"Patamar Esportista (Vida 5, base 5-7). Sem passiva, ativa cobre ataque expansível em escala reduzida frente aos Sobre-humanos do tipo, coerente com o patamar Esportista. Efeito determinístico, sem Aposte.";personagem-ashkar-das-mares-estelares-v1.png;"Entidade cósmica fluida e ondulante, corpo composto por correntes visíveis de energia estelar que se movem como marés lentas e imprevisíveis, ora se acumulando ora se dissipando; forma humanoide parcialmente definida, membros que parecem líquidos de luz azul-esverdeada; pontilhado granular de energia cósmica nas partes mais densas do corpo; fundo de vácuo estrelado com pequenas correntes de energia visíveis fluindo ao redor como marés cósmicas; paleta de azul-maré profundo, verde-estelar e branco-espuma cósmica; linha de arte no estilo do Quarto Mundo de Kirby, composição fluida e ondulante, sensação de imprevisibilidade constante e movimento nunca estático. Proporção 1:1"
Petrichor Vazio;v1;Tempestades Primordiais;Cósmico;;;5;2;;;;Ameaça sem Queda;3;**Ameaça sem Queda** — Alvos Múltiplos (2) — cause 2 pontos de dano.;"Patamar Esportista (Vida 5, base 5-7). Sem passiva, ativa cobre alvos múltiplos/dano em área em escala reduzida. Efeito determinístico, sem Aposte.";personagem-petrichor-vazio-v1.png;"Entidade cósmica que se assemelha a uma nuvem de tempestade permanentemente prestes a desabar mas nunca o fazendo, forma vagamente humanoide dissolvida em vapor estelar denso e escuro, pequenos relâmpagos silenciosos crepitando internamente sem nunca escapar completamente; pontilhado granular de energia cósmica nas bordas da 'nuvem'; fundo de vácuo estrelado com nuvens cósmicas similares mas menores ao redor, todas em estado de tensão perpétua; paleta de cinza-tempestade escuro, roxo-relâmpago contido e preto-vácuo; linha de arte no estilo do Quarto Mundo de Kirby, composição tensa e iminente, sensação de ameaça constante que nunca se resolve. Proporção 1:1"
"Mira-Ket, o Estilhaço Curioso";v1;Estilhaços Despertos;Cósmico;;;4;2;Curiosidade Desperta;;"**Curiosidade Desperta** — No início da sua fase de limpesa, Sondar (1).";Toque Curioso;2;**Toque Curioso** — cause 2 pontos de dano ao alvo.;"Patamar Adulto no topo da faixa (Vida 4, base 3-4), contraponto interessante ao resto do tipo por sua curiosidade genuína. Passiva cobre Clarividência/Prever em escala mínima, incomum para Cósmico mas coerente com a curiosidade única do personagem. Ativa de dano Médio modesto (2, custo 2). Efeito determinístico, sem Aposte.";personagem-mira-ket-o-estilhaco-curioso-v1.png;"Pequeno fragmento cósmico de forma humanoide curiosa e ativa, inclinando-se para frente para observar de perto um pequeno objeto ou fenômeno indistinto no chão, expressão quase infantil de fascínio traduzida através de um brilho interno mais vivo que o padrão apático do tipo; corpo de rocha estelar menor e mais irregular, com rachaduras que emitem uma luz mais quente e curiosa que fria; pontilhado granular de energia cósmica mais suave; fundo de vácuo estrelado com pequenos objetos cósmicos espalhados ao redor, como uma coleção de curiosidades; paleta de azul-cósmico suave, dourado-curiosidade e preto-vácuo; linha de arte no estilo do Quarto Mundo de Kirby, mas com composição mais leve e investigativa, sensação de fascínio genuíno em contraste com o resto do tipo. Proporção 1:1"
Estilhaço Desperto;v1;Estilhaços Despertos;Cósmico;;;3;1;;;;Reflexo Cósmico;1;**Reflexo Cósmico** — Cause 2 pontos de dano ao alvo.;"Patamar Adulto genérico (Vida 3, base 3-4). Sem passiva, ativa de dano Médio a custo mínimo (2, custo 1). Efeito determinístico, sem Aposte.";personagem-estilhaco-desperto-v1.png;"Fragmento cósmico pequeno e ainda instável, forma humanoide incompleta e tremulante, reagindo a um estímulo próximo com um movimento quase automático e sem intenção clara; rachaduras luminosas fracas e intermitentes pelo corpo; pontilhado granular de energia cósmica esparso; fundo de vácuo estrelado simples, sem grandes fenômenos ao redor; paleta de roxo-pálido, cinza-estelar e preto-vácuo; linha de arte no estilo do Quarto Mundo de Kirby, composição simples e ainda formando-se, sensação de despertar recente e reação instintiva. Proporção 1:1"
Fração Original;v1;Fração Original - Estilhaços Despertos;Cósmico;;;4;1;Estabilidade Rara;;**Estabilidade Rara** — Devoção (Threnody das Órbitas Partidas) — Seus personagens não podem receber Debuffs.;;;;"Patamar Adulto genérico no topo da faixa (Vida 4, base 3-4). Passiva de imunidade pontual (Confusão) sem Ação Ativa, reforçando a estabilidade incomum do fragmento frente à instabilidade típica do tipo. Efeito determinístico, sem Aposte.";personagem-fracao-original-v1.png;"Fragmento cósmico de forma humanoide notavelmente mais estável e definida que os demais estilhaços, contornos sólidos e constantes em vez de tremulantes, expressão vazia mas serena, quase entediada; rachaduras luminosas raras e uniformes pelo corpo, sem oscilação perceptível; pontilhado granular de energia cósmica mínimo e controlado; fundo de vácuo estrelado calmo, sem grandes distorções ao redor; paleta de azul-estável profundo, cinza-estelar uniforme e preto-vácuo; linha de arte no estilo do Quarto Mundo de Kirby, composição incomum por sua simetria e calma, sensação de apatia serena e poder contido sem esforço. Proporção 1:1"
Lasca Sem Rumo;v1;Lasca Sem Rumo - Estilhaços Despertos;Cósmico;;;3;2;;;;Deriva Cósmica;1;**Deriva Cósmica** — Cause 2 pontos de dano a um personagem aleatório.;"Patamar Adulto genérico (Vida 3, base 3-4). Sem passiva, ativa de dano Médio a custo mínimo (2, custo 1). Efeito determinístico, sem Aposte.";personagem-lasca-sem-rumo-v1.png;"Fragmento cósmico pequeno e assimétrico, flutuando sem direção clara em meio ao vácuo, forma humanoide incompleta com uma lacuna visível onde deveria se conectar a algo maior; rachaduras luminosas fracas emitindo uma luz azul-pálida intermitente; pontilhado granular de energia cósmica esparso e disperso; fundo de vácuo estrelado vasto e vazio ao redor, reforçando a sensação de deriva sem destino; paleta de azul-pálido, cinza-estelar disperso e preto-vácuo profundo; linha de arte no estilo do Quarto Mundo de Kirby, composição solitária e vasta, sensação de deslocamento sem propósito definido. Proporção 1:1"
"Suul, o Fragmento que Sonha";v1;"Suul, o Fragmento que Sonha - Fragmentos Esquecidos";Cósmico;;;2;1;Sonhos que Vazam;;"**Sonhos que Vazam** — No fim da sua fase de limpeza, coloque um token de sobrevida no personagem alvo.";;;;"Patamar Sedentário no topo da faixa (Vida 2, base 1-2), o mais recente desperto de Astraca introduzido no set. Passiva cobre Sobrevida pontual mínima (uso único), reforçando os sonhos inofensivos que vazam para a realidade. Sem Ação Ativa, coerente com estar mal desperto. Efeito determinístico, sem Aposte.";personagem-suul-o-fragmento-que-sonha-v1.png;"Pequeno fragmento cósmico quase completamente adormecido, forma indefinida e nebulosa flutuando suavemente, olhos fechados ou inexistentes, pequenas bolhas de luz onírica escapando lentamente de seu corpo e se dissipando no ar como sonhos visíveis; contornos suaves e quase fofos, contrastando com a aspereza do resto do tipo; pontilhado granular de energia cósmica muito suave e disperso; fundo de vácuo estrelado calmo e silencioso; paleta de azul-sonho pastel, roxo-suave e branco-onírico; linha de arte no estilo do Quarto Mundo de Kirby, mas com uma suavidade incomum, sensação de inocência adormecida e sonhos inofensivos escapando lentamente. Proporção 1:1"
Fragmento Perdido;v1;Fragmento Perdido - Fragmentos Esquecidos;Cósmico;;;1;0;;;;Toque Ínfimo;1;"**Toque Ínfimo** — Causa 2 pontos de dano no personagel alvo. Se o alvo tiver 3 ou mais de Vida, esta ação não tem efeito e não causa dano.";"Patamar Sedentário genérico na base da faixa (Vida 1, mínimo 1-2). Ativa de dano Baixo mínimo (1, custo 1). Efeito determinístico, sem Aposte.";personagem-fragmento-perdido-v1.png;"Fragmento cósmico minúsculo e quase imperceptível, forma indefinida e tênue, mal reagindo a um estímulo próximo com uma pequena pulsação de luz fraca; contornos quase invisíveis contra o fundo escuro; pontilhado granular de energia cósmica extremamente esparso; fundo de vácuo estrelado vasto e silencioso, o fragmento parecendo perdido em sua imensidão; paleta de cinza-estelar muito pálido, preto-vácuo dominante e um leve brilho branco-azulado; linha de arte no estilo do Quarto Mundo de Kirby, composição minimalista e quase vazia, sensação de existência ínfima dentro de um vácuo imenso. Proporção 1:1"
Pequeno Esquecido;v1;Pequeno Esquecido - Fragmentos Esquecidos;Cósmico;;;2;0;Estimulo Esquecido;;"**Estímulo Esquecido** — cause 1 ponto de dano ao alvo; o menor e mais fraco despertar registrado desde a Fratura, sequer parece notar que está em um Torneio.";;;;"Patamar Sedentário genérico no topo da faixa (Vida 2, base 1-2). Ativa de dano Baixo mínimo (1, custo 1), coerente com o despertar mais fraco já registrado. Efeito determinístico, sem Aposte.";personagem-pequeno-esquecido-v1.png;"Fragmento cósmico muito pequeno e discreto, forma vagamente esférica e incompleta, imóvel na maior parte do tempo, com apenas uma leve pulsação ocasional de luz indicando que está de fato desperto; contornos simples e sem detalhes elaborados; pontilhado granular de energia cósmica mínimo; fundo de vácuo estrelado vasto ao redor, o pequeno fragmento quase se perdendo na composição; paleta de cinza-estelar pálido, preto-vácuo e um leve brilho azul-fraco; linha de arte no estilo do Quarto Mundo de Kirby, composição extremamente minimalista, sensação de existência quase esquecida mesmo por si mesma. Proporção 1:1"
